,id,timestamp,permalink,media_url,like_count,saved,reach,impressions,engagement,caption
0,17996687311808013,2023-06-09T09:30:00+0000,https://www.instagram.com/p/CtTg1i4ppwo/,https://scontent-nrt1-2.cdninstagram.com/v/t51.29350-15/352515739_1215416472381892_1220971361326073869_n.jpg?_nc_cat=109&ccb=1-7&_nc_sid=8ae9d6&_nc_ohc=qoTLP19YdMQAX_gh0TW&_nc_ht=scontent-nrt1-2.cdninstagram.com&edm=AL-3X8kEAAAA&oh=00_AfB45WaBvwQIyunJ5ByaFnkXZeoutcBc44nV7_wTcxcrxw&oe=64892BCD,24,0,143,159,24,"---
------
◽︎Jacket : #lardini 
◽︎Shirts : #kamakurashirts 
◽︎Tie : #dior #christiandior 
◽︎Watch : #rolex #rolexexplorer1
------

#mensstyle #menswear #mensfashionpost #ootd #ootdmens
#mensclothing #menslook #ファッションスナップ #ファッションポスト #メンズスナップ #ビジネスコーデ #オフィスコーデ 
#スーツスタイル #メンズスーツ
#ドレスコーデ #メンズドレス
#スーツコーデ #ドレスファッション
#スーツ男子 #スーツ女子 #スーツ好き"
1,18009590089669016,2023-06-07T09:30:00+0000,https://www.instagram.com/p/CtLyb6drMPn/,https://scontent-nrt1-2.cdninstagram.com/v/t51.29350-15/352239707_287994463570118_5583029355168137930_n.jpg?_nc_cat=106&ccb=1-7&_nc_sid=8ae9d6&_nc_ohc=60SEcP-49RcAX_IiNgW&_nc_ht=scontent-nrt1-2.cdninstagram.com&edm=AL-3X8kEAAAA&oh=00_AfD7USernYzz6ZhBUKoQs5zPnTlwBDxK2AX8AvujrvM-5g&oe=6489D2EC,73,3,264,275,79,"---
------
◽︎Jacket : #beamsf 
◽︎Shirts : #kamakurashirts 
◽︎Tie : #gierremilano 
◽︎Watch : #rolex #rolexexplorer1
------

#mensstyle #menswear #mensfashionpost #ootd #ootdmens
#mensclothing #menslook #ファッションスナップ #ファッションポスト #メンズスナップ #ビジネスコーデ #オフィスコーデ 
#スーツスタイル #メンズスーツ
#ドレスコーデ #メンズドレス
#スーツコーデ #ドレスファッション
#スーツ男子 #スーツ女子 #スーツ好き"
2,18031813213503721,2023-06-05T09:30:00+0000,https://www.instagram.com/p/CtGoyQHLLtR/,https://scontent-nrt1-2.cdninstagram.com/v/t51.29350-15/351264898_2466620786837271_1401784507977931911_n.jpg?_nc_cat=100&ccb=1-7&_nc_sid=8ae9d6&_nc_ohc=B6WW9A-UWecAX_Bpl5i&_nc_ht=scontent-nrt1-2.cdninstagram.com&edm=AL-3X8kEAAAA&oh=00_AfAk1ms1EUrwgG7NTioDLafCmRq42o0EEUip_4Ho2maL3w&oe=648985F7,63,1,236,248,67,"---
------
◽︎Jacket : #lardini 
◽︎Shirts : #kamakurashirts 
◽︎Tie : #beamsf 
◽︎Watch : #rolex #rolexexplorer1
------

#mensstyle #menswear #mensfashionpost #ootd #ootdmens
#mensclothing #menslook #ファッションスナップ #ファッションポスト #メンズスナップ #ビジネスコーデ #オフィスコーデ 
#スーツスタイル #メンズスーツ
#ドレスコーデ #メンズドレス
#スーツコーデ #ドレスファッション
#スーツ男子 #スーツ女子 #スーツ好き"
3,18005121412787276,2023-05-31T09:30:00+0000,https://www.instagram.com/p/Cs0nUVaryCi/,https://scontent-nrt1-2.cdninstagram.com/v/t51.29350-15/348834060_571010581836434_5684940330810089348_n.jpg?_nc_cat=105&ccb=1-7&_nc_sid=8ae9d6&_nc_ohc=VQALOSoCcUoAX9Qe8If&_nc_ht=scontent-nrt1-2.cdninstagram.com&edm=AL-3X8kEAAAA&oh=00_AfCx9CCOGmKPKWoG5_jhkWvoq5fnl_qoMqZy5J-3bh4Vxw&oe=64892536,72,1,202,218,76,"---
------
◽︎Jacket : #beamsf 
◽︎Shirts : #kamakurashirts 
◽︎Tie : #tieyourtie 
◽︎Watch : #rolex #rolexexplorer1
------

#mensstyle #menswear #mensfashionpost #ootd #ootdmens
#mensclothing #menslook #ファッションスナップ #ファッションポスト #メンズスナップ #ビジネスコーデ #オフィスコーデ 
#スーツスタイル #メンズスーツ
#ドレスコーデ #メンズドレス
#スーツコーデ #ドレスファッション
#スーツ男子 #スーツ女子 #スーツ好き"
4,17880368870857555,2023-05-29T09:30:00+0000,https://www.instagram.com/p/Cs0nUk8L20t/,https://scontent-nrt1-2.cdninstagram.com/v/t51.29350-15/349222201_598713035571964_1946171394410937830_n.jpg?_nc_cat=101&ccb=1-7&_nc_sid=8ae9d6&_nc_ohc=92j2nf3YPMYAX-F685l&_nc_ht=scontent-nrt1-2.cdninstagram.com&edm=AL-3X8kEAAAA&oh=00_AfAmoq5xRib3vBLRo8mQS3efKD5JYZftSxx_HXlcXAeBHQ&oe=64889288,65,0,213,231,69,"---
------
◽︎Jacket : #unitedarrows 
◽︎Shirts : #hankyumens 
◽︎Tie : #onlypremiotokyo
◽︎Watch : #rolex #rolexexplorer2
------

#mensstyle #menswear #mensfashionpost #ootd #ootdmens
#mensclothing #menslook #ファッションスナップ #ファッションポスト #メンズスナップ #ビジネスコーデ #オフィスコーデ 
#スーツスタイル #メンズスーツ
#ドレスコーデ #メンズドレス
#スーツコーデ #ドレスファッション
#スーツ男子 #スーツ女子 #スーツ好き"
5,18010434379633055,2023-05-27T03:30:00+0000,https://www.instagram.com/p/Csu0f3ULSRd/,https://scontent-nrt1-2.cdninstagram.com/v/t51.29350-15/348852100_772799874221229_4415563713068412493_n.jpg?_nc_cat=111&ccb=1-7&_nc_sid=8ae9d6&_nc_ohc=mU6eOTUL1G8AX-PBWU3&_nc_ht=scontent-nrt1-2.cdninstagram.com&edm=AL-3X8kEAAAA&oh=00_AfDvxyfBuRu2GgEAeWCCV9rBhcOt5nBl44URgH4fh04_xw&oe=6489A37D,60,1,230,260,61,"---
紫陽花咲いてる季節です
------
◽︎Shirts : #edifice 
◽︎Bottoms : #uniqlo
◽︎Watch : #rolex #rolexexplorer1 
◽︎Sandals : #L/UCCA #lucca 
------
#mensfashion #mensstyle #menswear #mensfashionpost #styling #fashion #fashionista #ootd #ootdmens
#mensclothing #menslook #fashionstyle #ファッションスナップ #ファッションポスト #メンズスナップ #カジュアルコーデ
#メンズカジュアル #dayoff #dayoffwellspent
#休日コーデ
#あじさい　#紫陽花"
6,17962398962524619,2023-05-25T09:30:00+0000,https://www.instagram.com/p/CsqUDvILfBA/,https://scontent-nrt1-2.cdninstagram.com/v/t51.29350-15/348651093_798646468121972_1291812547224470073_n.jpg?_nc_cat=100&ccb=1-7&_nc_sid=8ae9d6&_nc_ohc=izMY0tVDCfIAX8jAlxI&_nc_ht=scontent-nrt1-2.cdninstagram.com&edm=AL-3X8kEAAAA&oh=00_AfCMcgBcUw7qi_fXXlSK_OCBh99wGg-t5-VpFyWhc8Peyg&oe=64899CE9,74,1,273,299,75,"---
------
◽︎Jacket : #unitedarrows 
◽︎Shirts : #thomasmason 
◽︎Tie : #kuska
◽︎Watch : #rolex #rolexexplorer1
------

#mensstyle #menswear #mensfashionpost #ootd #ootdmens
#mensclothing #menslook #ファッションスナップ #ファッションポスト #メンズスナップ #ビジネスコーデ #オフィスコーデ 
#スーツスタイル #メンズスーツ
#ドレスコーデ #メンズドレス
#スーツコーデ #ドレスファッション
#スーツ男子 #スーツ女子 #スーツ好き"
7,18265673275182451,2023-05-24T09:30:00+0000,https://www.instagram.com/p/CsnvV1kvlqW/,https://scontent-nrt1-2.cdninstagram.com/v/t51.29350-15/348342171_154007227644658_7157946234107334253_n.jpg?_nc_cat=110&ccb=1-7&_nc_sid=8ae9d6&_nc_ohc=2TXTdaC0BYgAX_S5vgh&_nc_ht=scontent-nrt1-2.cdninstagram.com&edm=AL-3X8kEAAAA&oh=00_AfB57e-8tsh7UOsSYoPKu9WDY0Qo0zkzTMpDPG4zThfPuA&oe=648A0293,59,0,229,256,59,"---
------
◽︎Jacket : #unitedarrows 
◽︎Long Sleeve T : #orchival 
◽︎Pocket Square : #kamakurashirts 
◽︎Watch : #rolex #rolexexplorer1
------

#mensstyle #menswear #mensfashionpost #ootd #ootdmens
#mensclothing #menslook #ファッションスナップ #ファッションポスト #メンズスナップ #ビジネスコーデ #オフィスコーデ 
#スーツスタイル #メンズスーツ
#ドレスコーデ #メンズドレス
#スーツコーデ #ドレスファッション
#スーツ男子 #スーツ女子 #スーツ好き"
8,18065947474383078,2023-05-18T09:30:00+0000,https://www.instagram.com/p/CsYSj1ir8Bd/,https://scontent-nrt1-2.cdninstagram.com/v/t51.29350-15/347432775_644457364166999_4707025916211973750_n.jpg?_nc_cat=111&ccb=1-7&_nc_sid=8ae9d6&_nc_ohc=RVltK2IUuNoAX9E-n4V&_nc_ht=scontent-nrt1-2.cdninstagram.com&edm=AL-3X8kEAAAA&oh=00_AfDG9rSsmnTi9H8aDI0BcQ0jFyczRYTgKsT74DSKS0YucA&oe=648A08B7,81,3,288,319,84,"---
------
◽︎Jacket : #beamsf 
◽︎Shirts : #kamakurashirts 
◽︎Tie : #dior #christiandior 
◽︎Watch : #rolex #rolexexplorer1
------

#mensfashion #mensstyle #menswear #mensfashionpost #ootd #ootdmens
#mensclothing #menslook #ファッションスナップ #ファッションポスト #メンズスナップ #ビジネスコーデ #オフィスコーデ 
#スーツスタイル #メンズスーツ
#ドレスコーデ #メンズドレス
#スーツコーデ #ドレスファッション
#スーツ好き　#スーツ女子 #スーツ男子"
9,17874336896877998,2023-05-10T09:30:00+0000,https://www.instagram.com/p/CsDsLOQrbWy/,https://scontent-nrt1-2.cdninstagram.com/v/t51.29350-15/345272868_3369616933300312_4214183029526306179_n.jpg?_nc_cat=108&ccb=1-7&_nc_sid=8ae9d6&_nc_ohc=e11gN0QxtG4AX-WCvuo&_nc_ht=scontent-nrt1-2.cdninstagram.com&edm=AL-3X8kEAAAA&oh=00_AfBu9C0qcQqWdNcuKiDdG61Y5s2TpOMaqC4o0NFq4ER3Ag&oe=64898513,106,0,352,395,112,"---
------
◽︎Jacket : #unitedarrows 
◽︎Shirts : #kamakurashirts 
◽︎Tie : #brooksbrothers 
◽︎Watch : #rolex #rolexexplorer1
------

#mensfashion #mensstyle #menswear #mensfashionpost #ootd #ootdmens
#mensclothing #menslook  #ファッションスナップ #ファッションポスト #メンズスナップ #ビジネスコーデ #オフィスコーデ 
#スーツスタイル #メンズスーツ
#ドレスコーデ #メンズドレス
#スーツコーデ #ドレスファッション"
10,17965547330434986,2023-05-08T09:30:00+0000,https://www.instagram.com/p/Cr-ihmwrBtT/,https://scontent-nrt1-2.cdninstagram.com/v/t51.29350-15/345421459_2106495786207648_2015647786943189086_n.jpg?_nc_cat=101&ccb=1-7&_nc_sid=8ae9d6&_nc_ohc=bqo5ZITINYwAX9rGMiO&_nc_ht=scontent-nrt1-2.cdninstagram.com&edm=AL-3X8kEAAAA&oh=00_AfDqcdSBtQf7G2CA5h3Z8g8aR5hJqL5uSivdjgoQnxDbug&oe=6489A3C0,112,1,357,401,120,"---
------
◽︎Suits : #beamsf 
◽︎Shirts : #kamakurashirts 
◽︎Tie : #gierremilano 
◽︎Watch : #rolex #rolexexplorer1
------

#mensfashion #menswear #mensfashionpost #ootd #ootdmens
#mensclothing #menslook  #ファッションスナップ #ファッションポスト #メンズスナップ #ビジネスコーデ #オフィスコーデ 
#スーツスタイル #メンズスーツ
#ドレスコーデ #メンズドレス
#スーツコーデ #ドレスファッション"
11,18186058660266444,2023-05-05T09:30:00+0000,https://www.instagram.com/p/CrvFy-zLbo7/,https://scontent-nrt1-2.cdninstagram.com/v/t51.29350-15/343767610_197773856396553_1849724025567579355_n.jpg?_nc_cat=105&ccb=1-7&_nc_sid=8ae9d6&_nc_ohc=GevLxg5boKgAX-l6lSJ&_nc_ht=scontent-nrt1-2.cdninstagram.com&edm=AL-3X8kEAAAA&oh=00_AfDZdu0gdTUCtBHt0AtUsA5AJD6jbThnUmFzph_MwEbNVw&oe=64894CB0,93,0,291,323,95,"---
------
◽︎Suits : #unitedarrows #greenlabelrelaxing 
◽︎Shirts : #kamakurashirts 
◽︎Tie : #dior #christiandior 
◽︎Watch : #rolex #rolexexplorer1
------

#mensfashion #mensstyle #menswear #mensfashionpost #styling #ootd #ootdmens
#mensclothing #menslook #fashionstyle #ファッションスナップ #ファッションポスト #メンズスナップ #ビジネスコーデ #オフィスコーデ 
#スーツスタイル #メンズスーツ
#ドレスコーデ #メンズドレス
#スーツコーデ #ドレスファッション"
12,17981825161967641,2023-05-04T09:30:00+0000,https://www.instagram.com/p/Cr0PdHup_Xa/,https://scontent-nrt1-2.cdninstagram.com/v/t51.29350-15/345012302_1023627808620915_7960764446685913529_n.jpg?_nc_cat=111&ccb=1-7&_nc_sid=8ae9d6&_nc_ohc=oyYelE5cz40AX9n6Eju&_nc_ht=scontent-nrt1-2.cdninstagram.com&edm=AL-3X8kEAAAA&oh=00_AfDOk3hSBCfFTI9Jbta-TuCtB3cDolASHZ5fUkebuteFwQ&oe=648A0526,98,0,584,616,105,"---
父の時計
------
#rolex #rolexgmtmaster 
#ロレックス #gmtmaster 
------

#mensfashion #mensstyle #menswear #mensfashionpost #styling #ootd #ootdmens
#mensclothing #menslook #fashionstyle #ファッションスナップ #ファッションポスト #メンズスナップ #ビジネスコーデ #オフィスコーデ 
#スーツスタイル #メンズスーツ
#ドレスコーデ #メンズドレス
#スーツコーデ #ドレスファッション
#時計好き #時計好きな人と繋がりたい"
13,17992966069785815,2023-05-03T09:30:00+0000,https://www.instagram.com/p/CrvFzVnr1qb/,https://scontent-nrt1-2.cdninstagram.com/v/t51.29350-15/344487746_1733533713827005_6425469294430970409_n.jpg?_nc_cat=102&ccb=1-7&_nc_sid=8ae9d6&_nc_ohc=3wwdOLfBHDYAX8iYSXL&_nc_ht=scontent-nrt1-2.cdninstagram.com&edm=AL-3X8kEAAAA&oh=00_AfDt-PSAzy-WJPi5JLsRADT8O-KLTrYJdH9mKLtrFZp1sQ&oe=6489DE83,108,6,443,470,115,"---
------
◽︎Jacket : #unitedarrows 
◽︎Shirts : #kamakurashirts 
◽︎Tie : #hankyumens 
◽︎Spuare #hankyumens 
◽︎Watch : #rolex #rolexexplorer2
------

#mensfashion #mensstyle #menswear #mensfashionpost #styling #ootd #ootdmens
#mensclothing #menslook #fashionstyle #ファッションスナップ #ファッションポスト #メンズスナップ #ビジネスコーデ #オフィスコーデ 
#スーツスタイル #メンズスーツ
#ドレスコーデ #メンズドレス
#スーツコーデ #ドレスファッション"
14,17974722560215754,2023-05-02T09:30:00+0000,https://www.instagram.com/p/Cr0PXL2LIdk/,https://scontent-nrt1-2.cdninstagram.com/v/t51.29350-15/344102557_1235872590399631_6661120679797625372_n.jpg?_nc_cat=106&ccb=1-7&_nc_sid=8ae9d6&_nc_ohc=ZqMyrlNs8hsAX_AZ1OX&_nc_ht=scontent-nrt1-2.cdninstagram.com&edm=AL-3X8kEAAAA&oh=00_AfDpFZqXYyr75a2Z42Z4iTG5hJxYTy9S7CUMhSVzeHwxVg&oe=64897DFF,84,1,413,482,85,"---
------
◽︎Tops : #edifice #avancer 
◽︎Bottoms : #stevenalan 
◽︎Watch : #rolex #rolexexplorer1 
◽︎Shoese : #hiroshitsubouchi 
------
#mensfashion #mensstyle #menswear #mensfashionpost #styling #fashion #fashionista #ootd #ootdmens
#mensclothing #menslook #fashionstyle #ファッションスナップ #ファッションポスト #メンズスナップ #カジュアルコーデ
#メンズカジュアル #dayoff #dayoffwellspent 
#休日コーデ"
15,17998017016835519,2023-05-01T09:30:00+0000,https://www.instagram.com/p/CrshBJzr1g9/,https://scontent-nrt1-2.cdninstagram.com/v/t51.29350-15/343759924_6317307881624640_6891488316068366002_n.jpg?_nc_cat=104&ccb=1-7&_nc_sid=8ae9d6&_nc_ohc=hF4wxTIuVPUAX92HGDc&_nc_oc=AQlKSU7CBlmN1xbYBIXXvLEQfuOSzN2FpBNXOc4THXZUp5h4OnPE7mzqkFGteErt648&_nc_ht=scontent-nrt1-2.cdninstagram.com&edm=AL-3X8kEAAAA&oh=00_AfAg8CVikh-r7LUNegB8owdEpDw06FcS-Tn-cwXQYfY-Hg&oe=648885F7,74,1,301,343,75,"---
本当は連休にしたかったんですが、少しお仕事。
今日はシンプルに。
------
◽︎Jacket : #lardini 
◽︎Shirts : #kamakurashirts 
◽︎Tie : #kuska 
◽︎Watch : #rolex #rolexexplorer1
------

#mensfashion #mensstyle #menswear #mensfashionpost #styling #ootd #ootdmens
#mensclothing #menslook #fashionstyle #ファッションスナップ #ファッションポスト #メンズスナップ #ビジネスコーデ #オフィスコーデ 
#スーツスタイル #メンズスーツ
#ドレスコーデ #メンズドレス
#スーツコーデ #ドレスファッション"
16,18356028925053534,2023-04-27T09:30:00+0000,https://www.instagram.com/p/CrkymADrCAZ/,https://scontent-nrt1-2.cdninstagram.com/v/t51.29350-15/342874040_947486906442656_8768479097176774372_n.jpg?_nc_cat=110&ccb=1-7&_nc_sid=8ae9d6&_nc_ohc=yBvq8rVTk-0AX91ApQ6&_nc_ht=scontent-nrt1-2.cdninstagram.com&edm=AL-3X8kEAAAA&oh=00_AfCMQnSjv0tCA1k3wXKSbpxf4ycQK1lkz6ARu-z7bccr9w&oe=648A0D40,94,2,361,386,96,"---
------
◽︎Jacket : #unitedarrows 
◽︎Shirts : #kamakurashirts 
◽︎Tie : #tieyourtie 
◽︎Watch : #rolex #rolexexplorer1
------

#mensfashion #mensstyle #menswear #mensfashionpost #styling #ootd #ootdmens
#mensclothing #menslook #fashionstyle #ファッションスナップ #ファッションポスト #メンズスナップ #ビジネスコーデ #オフィスコーデ 
#スーツスタイル #メンズスーツ
#ドレスコーデ #メンズドレス
#スーツコーデ #ドレスファッション"
17,18056555143403921,2023-04-26T09:30:00+0000,https://www.instagram.com/p/CrfpDdxLtal/,https://scontent-nrt1-2.cdninstagram.com/v/t51.29350-15/342730077_178184245134969_1298423934872712867_n.jpg?_nc_cat=101&ccb=1-7&_nc_sid=8ae9d6&_nc_ohc=AXC_aUCAl74AX-WVVz0&_nc_ht=scontent-nrt1-2.cdninstagram.com&edm=AL-3X8kEAAAA&oh=00_AfCMKkD_Faw7NP501U1gPXjbUPa0cMalPy8uFm-blfwuig&oe=6489B999,72,1,294,321,73,"---
------
◽︎Jacket : #unitedarrows 
◽︎Shirts : #kamakurashirts 
◽︎Watch : #rolex #rolexexplorer1
------

#mensfashion #mensstyle #menswear #mensfashionpost #styling #ootd #ootdmens
#mensclothing #menslook #fashionstyle #ファッションスナップ #ファッションポスト #メンズスナップ #ビジネスコーデ #オフィスコーデ 
#スーツスタイル #メンズスーツ
#ドレスコーデ #メンズドレス
#スーツコーデ #ドレスファッション"
18,18358608613016133,2023-04-25T09:30:00+0000,https://www.instagram.com/p/CrafgO1vTPt/,https://scontent-nrt1-2.cdninstagram.com/v/t51.29350-15/342725994_3518576655026972_2711699036367710863_n.jpg?_nc_cat=104&ccb=1-7&_nc_sid=8ae9d6&_nc_ohc=KUCLhUUt5fkAX-W5A2P&_nc_ht=scontent-nrt1-2.cdninstagram.com&edm=AL-3X8kEAAAA&oh=00_AfCNK17GVffScgjdebC2SIYj9XeQmGuE-MlSkKQ6k9y1lQ&oe=6489B5A2,67,0,254,284,68,"---
------
◽︎Jacket : #unitedarrows 
◽︎Shirts : #kamakurashirts 
◽︎Tie : #beamsf 
------

#mensfashion #mensstyle #menswear #mensfashionpost #styling #ootd #ootdmens
#mensclothing #menslook #fashionstyle #ファッションスナップ #ファッションポスト #メンズスナップ #ビジネスコーデ #オフィスコーデ 
#スーツスタイル #メンズスーツ
#ドレスコーデ #メンズドレス
#スーツコーデ #ドレスファッション"
19,18083207689341792,2023-04-24T09:30:00+0000,https://www.instagram.com/p/CrdESGqLHh5/,https://scontent-nrt1-2.cdninstagram.com/v/t51.29350-15/343264555_206497642101119_5637220678052113495_n.jpg?_nc_cat=104&ccb=1-7&_nc_sid=8ae9d6&_nc_ohc=wSAQDaTT_sUAX8nzQYa&_nc_ht=scontent-nrt1-2.cdninstagram.com&edm=AL-3X8kEAAAA&oh=00_AfApKw8Hons4jmVPe8-dK5JasPi9z6HAmNuqTlMsP-mczA&oe=648A094A,85,2,342,383,87,"---
------
◽︎Suits : #unitedarrows #greenlabelrelaxing 
◽︎Shirts : #kamakurashirts 
◽︎Tie : #gierremilano 
◽︎Watch : #rolex #rolexexplorer1
------

#mensfashion #mensstyle #menswear #mensfashionpost #styling #ootd #ootdmens
#mensclothing #menslook #fashionstyle #ファッションスナップ #ファッションポスト #メンズスナップ #ビジネスコーデ #オフィスコーデ 
#スーツスタイル #メンズスーツ
#ドレスコーデ #メンズドレス
#スーツコーデ #ドレスファッション"
20,17987147557961392,2023-04-23T09:30:00+0000,https://www.instagram.com/p/CrX6r6kLnnG/,https://scontent-nrt1-2.cdninstagram.com/v/t51.29350-15/342383064_197504059750457_1079238059335862702_n.jpg?_nc_cat=109&ccb=1-7&_nc_sid=8ae9d6&_nc_ohc=UFAa8Lkuiv0AX-FeTV6&_nc_ht=scontent-nrt1-2.cdninstagram.com&edm=AL-3X8kEAAAA&oh=00_AfBouWEqk3r07sddch44BmocE1RCQomSA0EMOm-qOvGVEA&oe=6489FE34,78,0,361,413,78,"---
たまにカジュアル
近所にもりもりツツジが咲いてました
------
◽︎Tops : #orchival 
◽︎Bottoms : #tomorrowland 
◽︎Watch : #rolex #rolexexplorer1 
◽︎Shoese : #converse #converseaddict #chacktaylor 
------
#mensfashion #mensstyle #menswear #mensfashionpost #styling #fashion #fashionista #ootd #ootdmens
#mensclothing #menslook #fashionstyle #ファッションスナップ #ファッションポスト #メンズスナップ #カジュアルコーデ
#メンズカジュアル #dayoff
#休日コーデ"
21,18279319102141506,2023-04-22T09:30:00+0000,https://www.instagram.com/p/CrVV237LJ_f/,https://scontent-nrt1-2.cdninstagram.com/v/t51.29350-15/342379150_1278994292997193_232734223162328464_n.jpg?_nc_cat=101&ccb=1-7&_nc_sid=8ae9d6&_nc_ohc=aPgbEpjyus4AX-rBYM4&_nc_ht=scontent-nrt1-2.cdninstagram.com&edm=AL-3X8kEAAAA&oh=00_AfA4EcbDK_nWC9gw3mRCVzvPyXzaz4VYwBmpUgU2DSTxjQ&oe=6489910B,73,1,275,302,74,"---
------
◽︎Jacket : #unitedarrows 
◽︎Shirts : #kamakurashirts 
◽︎Tie : #onlypremio 
◽︎Watch : #rolex #rolexexplorer2
------

#mensfashion #mensstyle #menswear #mensfashionpost #styling #ootd #ootdmens
#mensclothing #menslook #fashionstyle #ファッションスナップ #ファッションポスト #メンズスナップ #ビジネスコーデ #オフィスコーデ 
#スーツスタイル #メンズスーツ
#ドレスコーデ #メンズドレス
#スーツコーデ #ドレスファッション"
22,18019371583557456,2023-04-18T09:35:00+0000,https://www.instagram.com/p/CrLDPBvrxMY/,https://scontent-nrt1-2.cdninstagram.com/v/t51.29350-15/330231969_265853779118007_1858818212071415880_n.jpg?_nc_cat=109&ccb=1-7&_nc_sid=8ae9d6&_nc_ohc=LrPhwCNaUx4AX_eKbvk&_nc_ht=scontent-nrt1-2.cdninstagram.com&edm=AL-3X8kEAAAA&oh=00_AfDla6OigQ2Ri3Q46H_5CA3NxvQsgg0W9eDpUW2efVhm5w&oe=648867C1,68,2,333,344,71,"---
------
◽︎Jacket : #unitedarrows 
◽︎Shirts : #thomasmason 
◽︎Tie : #christiandior #dior 
◽︎Watch : #rolex #rolexexplorer1 
------

#mensfashion #mensstyle #menswear #mensfashionpost #styling #ootd #ootdmens
#mensclothing #menslook #fashionstyle #ファッションスナップ #ファッションポスト #メンズスナップ #ビジネスコーデ #オフィスコーデ 
#スーツスタイル #メンズスーツ
#ドレスコーデ #メンズドレス
#スーツコーデ #ドレスファッション"
23,18353153011002553,2023-04-17T09:30:00+0000,https://www.instagram.com/p/CrId8DtLh5Z/,https://scontent-nrt1-2.cdninstagram.com/v/t51.29350-15/341582041_1168833527132751_4548875128656162959_n.jpg?_nc_cat=101&ccb=1-7&_nc_sid=8ae9d6&_nc_ohc=GdRJzA8AJGQAX_r4mpJ&_nc_ht=scontent-nrt1-2.cdninstagram.com&edm=AL-3X8kEAAAA&oh=00_AfB9kuBfm6gAxwddOeyt6qIV7Qc-kM0Kt6yVulKmKXCLkA&oe=64896355,72,1,281,308,73,"---
------
◽︎Jacket : #unitedarrows 
◽︎Shirts : #kamakurashirts 
◽︎Tie : #gierremilano 
◽︎Watch : #rolex #rolexexplorer1 
------

#mensfashion #mensstyle #menswear #mensfashionpost #styling #ootd #ootdmens
#mensclothing #menslook #fashionstyle #ファッションスナップ #ファッションポスト #メンズスナップ #ビジネスコーデ #オフィスコーデ 
#スーツスタイル #メンズスーツ
#ドレスコーデ #メンズドレス
#スーツコーデ #ドレスファッション"
24,18014296663524513,2023-04-16T09:30:00+0000,https://www.instagram.com/p/CrF5JY7LHGx/,https://scontent-nrt1-2.cdninstagram.com/v/t51.29350-15/341180227_143992475099869_8997080360350400064_n.jpg?_nc_cat=107&ccb=1-7&_nc_sid=8ae9d6&_nc_ohc=EYuZ8zmgysYAX-UePDy&_nc_ht=scontent-nrt1-2.cdninstagram.com&edm=AL-3X8kEAAAA&oh=00_AfCRvbFVcEM-IGd-yZKLw51kHyIvVr0SrayXjl1maapTFg&oe=648A132D,87,1,373,397,88,"---
たまにカジュアルも載せていこうと思います。
------
◽︎Shirts : #tomorrowland 
◽︎Bottom : #uniqlou
◽︎Watch : #rolex #rolexexplorer2 
◽︎Shoese : #nike
------
#mensfashion #mensstyle #menswear #mensfashionpost #styling #fashion #fashionista #ootd #ootdmens
#mensclothing #menslook #fashionstyle #ファッションスナップ #ファッションポスト #メンズスナップ #カジュアルコーデ
#メンズカジュアル #dayoffwellspent 
#休日コーデ"
25,18205896910223852,2023-04-15T08:56:20+0000,https://www.instagram.com/p/CrDQYxYL-Yi/,https://scontent-nrt1-2.cdninstagram.com/v/t51.29350-15/341128956_216571207647969_2191533279152223752_n.jpg?_nc_cat=106&ccb=1-7&_nc_sid=8ae9d6&_nc_ohc=NIWdYm_KRWgAX9cSFXh&_nc_ht=scontent-nrt1-2.cdninstagram.com&edm=AL-3X8kEAAAA&oh=00_AfD-AjHwpLGURlvqVoOQFBAtJA2PuSrDzgMJHtzO1nsUyA&oe=6489684F,102,1,344,365,104,"---
------
◽︎Jacket : #lardini 
◽︎Shirts : #kamakurashirts 
◽︎Tie : #gierremilano 
◽︎Watch : #rolex #rolexexplorer1 
------

#mensfashion #mensstyle #menswear #mensfashionpost #styling #ootd #ootdmens
#mensclothing #menslook #fashionstyle #ファッションスナップ #ファッションポスト #メンズスナップ #ビジネスコーデ #オフィスコーデ 
#スーツスタイル #メンズスーツ
#ドレスコーデ #メンズドレス
#スーツコーデ #ドレスファッション"
26,18011869342598176,2023-04-14T12:04:52+0000,https://www.instagram.com/p/CrBBKxtLIyl/,https://scontent-nrt1-2.cdninstagram.com/v/t51.29350-15/341175549_1588657574873272_5707141001489320108_n.jpg?_nc_cat=105&ccb=1-7&_nc_sid=8ae9d6&_nc_ohc=15nR1vKof48AX-f_km3&_nc_ht=scontent-nrt1-2.cdninstagram.com&edm=AL-3X8kEAAAA&oh=00_AfCPhNpRKBYl0GHQDqRNNpHE5eEQC9RX7ZrXrZP_Xmefkg&oe=64892B06,100,1,520,574,102,"---
------
<CONVERSE ADDICT> 
""CHUKC TAYLOR CANVAS OX""

久々にスニーカーを新調しました。converseの中でもADDICTシリーズは特に履きこごちが良く好きです。今回の新作はみんな大好きchuck taylorのモデル。色はド定番のナチュラルにしました。本当は黒のレザー地のやつが欲しかったんですがオンラインや近くの店舗ではもう売り切れでした。
------
#converse #converseaddict 
#chucktaylor #sneakers 
#スニーカー#コンバース
#チャックテイラー 
#スニーカー好きな人と繋がりたい"
27,17887368377761122,2023-04-13T09:28:05+0000,https://www.instagram.com/p/Cq-Kbl3L56f/,https://scontent-nrt1-2.cdninstagram.com/v/t51.29350-15/340693708_799439177710534_617476798651479358_n.jpg?_nc_cat=105&ccb=1-7&_nc_sid=8ae9d6&_nc_ohc=woqgFXYK-ykAX9wCr0R&_nc_oc=AQlalGjZPww31FruoMO38tzw2qyTvqJKmS8lshAeuPjus9_JFqHAZ3jSTL64RE3EYkw&_nc_ht=scontent-nrt1-2.cdninstagram.com&edm=AL-3X8kEAAAA&oh=00_AfDG_EAH-j3ifS8nXVTMpROwsnqZUWZvxjTO1YRs_nJIrQ&oe=64887999,96,0,320,347,96,"---
------
◽︎Suits : #beamsf 
◽︎Shirts : #kamakurashirts 
◽︎Tie : #kuska
◽︎Watch : #rolex #rolexexplorer1 
------

#mensfashion #mensstyle #menswear #mensfashionpost #styling #ootd #ootdmens
#mensclothing #menslook #fashionstyle #ファッションスナップ #ファッションポスト #メンズスナップ #ビジネスコーデ #オフィスコーデ 
#スーツスタイル #メンズスーツ
#ドレスコーデ #メンズドレス
#スーツコーデ #ドレスファッション"
28,17992388116742032,2023-04-12T09:44:56+0000,https://www.instagram.com/p/Cq7nkIoLSSG/,https://scontent-nrt1-2.cdninstagram.com/v/t51.29350-15/340722022_167871969150818_2128951850758887173_n.jpg?_nc_cat=108&ccb=1-7&_nc_sid=8ae9d6&_nc_ohc=3QoffTFFJvcAX8j--XH&_nc_ht=scontent-nrt1-2.cdninstagram.com&edm=AL-3X8kEAAAA&oh=00_AfDP-SqgLp0zs5IV_Ew-1pgEw9SCBzwYW2VqT6YzpQ4mbA&oe=64895020,87,0,299,327,87,"---
------
◽︎Jacket : #lardini 
◽︎Shirts : #kamakurashirts 
◽︎Tie : #tieyourtie 
◽︎Watch : #rolex #rolexexplorer1 
------

#mensfashion #mensstyle #menswear #mensfashionpost #styling #ootd #ootdmens
#mensclothing #menslook #fashionstyle #ファッションスナップ #ファッションポスト #メンズスナップ #ビジネスコーデ #オフィスコーデ 
#スーツスタイル #メンズスーツ
#ドレスコーデ #メンズドレス
#スーツコーデ #ドレスファッション"
29,17950803929578029,2023-04-11T09:30:51+0000,https://www.instagram.com/p/Cq5BKEoLXt9/,https://scontent-nrt1-2.cdninstagram.com/v/t51.29350-15/340793638_1271325187072129_1319563380377418718_n.jpg?_nc_cat=103&ccb=1-7&_nc_sid=8ae9d6&_nc_ohc=7bUW4NvJ6HcAX8TUpW9&_nc_ht=scontent-nrt1-2.cdninstagram.com&edm=AL-3X8kEAAAA&oh=00_AfAQ5JYjuyAcD2PD1EML6TFQU1coOAP-yY3NtzgB7ZdwvQ&oe=64887096,109,0,344,375,109,"---
------
#beamsf
#kamakurashirts 
#hermes 
#rolex #rolexexplorer1 
------

#mensfashion #mensstyle #menswear #mensfashionpost #styling #ootd #ootdmens
#mensclothing #menslook #fashionstyle #ファッションスナップ #ファッションポスト #メンズスナップ #ビジネスコーデ #オフィスコーデ 
#スーツスタイル #メンズスーツ
#ドレスコーデ #メンズドレス
#スーツコーデ #ドレスファッション"
30,18357695602043545,2023-04-10T09:21:00+0000,https://www.instagram.com/p/Cq2bPDnrabS/,https://scontent-nrt1-2.cdninstagram.com/v/t51.29350-15/340461494_6244707382256264_3628663563996899915_n.jpg?_nc_cat=110&ccb=1-7&_nc_sid=8ae9d6&_nc_ohc=c3p6KNGX2kQAX86ki_I&_nc_ht=scontent-nrt1-2.cdninstagram.com&edm=AL-3X8kEAAAA&oh=00_AfBZmvSSXL_QAi2WCCfgPe6YKKLUIKLKe4_ta9vxfGgxPw&oe=64897A83,101,0,368,403,103,"---
------
#rolex #rolexexplorer2 
#ロレックス #エクツー 
------

#mensfashion #mensstyle #menswear #mensfashionpost #styling #ootd #ootdmens
#mensclothing #menslook #fashionstyle #ファッションスナップ #ファッションポスト #メンズスナップ #ビジネスコーデ #オフィスコーデ 
#スーツスタイル #メンズスーツ
#ドレスコーデ #メンズドレス
#スーツコーデ #ドレスファッション
#時計好き #時計好きな人と繋がりたい"
31,17980911344102597,2023-04-09T09:23:27+0000,https://www.instagram.com/p/Cqz2uGarxJO/,https://scontent-nrt1-2.cdninstagram.com/v/t51.29350-15/340029493_1269040873991025_4433243882578890634_n.jpg?_nc_cat=101&ccb=1-7&_nc_sid=8ae9d6&_nc_ohc=ALyISByGH5sAX9ZGZAO&_nc_ht=scontent-nrt1-2.cdninstagram.com&edm=AL-3X8kEAAAA&oh=00_AfCvuiGisR7P16TDn7BxrEot-hOM2ktJOAPtzQQq16NxyQ&oe=6489FA54,104,1,419,451,105,"---
紺ブレ、ストライプ
------
#brooksbrothers 
#kamakurashirts 
#drakes 
#rolex #rolexexplorer2 
------

#mensfashion #mensstyle #menswear #mensfashionpost #styling #ootd #ootdmens
#mensclothing #menslook #fashionstyle #ファッションスナップ #ファッションポスト #メンズスナップ #ビジネスコーデ #オフィスコーデ 
#スーツスタイル #メンズスーツ
#ドレスコーデ #メンズドレス
#スーツコーデ #ドレスファッション"
32,18031220668479763,2023-04-08T10:11:11+0000,https://www.instagram.com/p/CqxXY7wrZUJ/,https://scontent-nrt1-2.cdninstagram.com/v/t51.29350-15/340179510_167670239549593_7928739882676288076_n.jpg?_nc_cat=108&ccb=1-7&_nc_sid=8ae9d6&_nc_ohc=lg4EMin-bnEAX_giKhD&_nc_oc=AQl3VGYInR0XTP26kbWVbbAIgmuJZm9neUg4vPrrLRgT54gsvJeQsKEz1wbtpFypyn8&_nc_ht=scontent-nrt1-2.cdninstagram.com&edm=AL-3X8kEAAAA&oh=00_AfAUm2SUqfBu68_8PwwPBRrjCbJ95jFgQo8Xqbl2MbHCnA&oe=6488853C,92,2,471,511,96,"---
------
#unitedarrows #greenlabelrelaxing 
#kamakurashirts 
#tieyourtie 
#rolex #rolexexplorer1 
------

#mensfashion #mensstyle #menswear #mensfashionpost #styling #ootd #ootdmens
#mensclothing #menslook #fashionstyle #ファッションスナップ #ファッションポスト #メンズスナップ #ビジネスコーデ #オフィスコーデ 
#スーツスタイル #メンズスーツ
#ドレスコーデ #メンズドレス
#スーツコーデ #ドレスファッション"
33,17964076868202002,2023-04-07T09:16:43+0000,https://www.instagram.com/p/CqusXGnrCZW/,https://scontent-nrt1-2.cdninstagram.com/v/t51.29350-15/339832715_445633164426503_8386798855424028064_n.jpg?_nc_cat=104&ccb=1-7&_nc_sid=8ae9d6&_nc_ohc=pOiSuVj8QO0AX9Jhy2r&_nc_ht=scontent-nrt1-2.cdninstagram.com&edm=AL-3X8kEAAAA&oh=00_AfC-qFeBhWS5v-tz5bOonOAJSbi915nCUv_3fqyhKxgKnQ&oe=6489A6BB,74,0,334,356,75,"---
------
#unitedarrows #greenlabelrelaxing 
#uniqlou 
#rolex #rolexexplorer1 
------

#mensfashion #mensstyle #menswear #mensfashionpost #styling #ootd #ootdmens
#mensclothing #menslook #fashionstyle #ファッションスナップ #ファッションポスト #メンズスナップ #ビジネスコーデ #オフィスコーデ 
#スーツスタイル #メンズスーツ
#ドレスコーデ #メンズドレス
#スーツコーデ #ドレスファッション"
34,18211850521213181,2023-04-04T09:50:06+0000,https://www.instagram.com/p/CqnBy_cruTv/,https://scontent-nrt1-2.cdninstagram.com/v/t51.29350-15/339673835_223638370320102_105986578857405873_n.jpg?_nc_cat=108&ccb=1-7&_nc_sid=8ae9d6&_nc_ohc=VlREzLKrmgUAX9BnWLf&_nc_ht=scontent-nrt1-2.cdninstagram.com&edm=AL-3X8kEAAAA&oh=00_AfCPnV0TmO-jHP4nzrfqGVpr99eobFDxKM7azCRVbidsnA&oe=6488556C,87,3,327,362,90,"---
------
#lardini 
#kamakurashirts 
#dior #christiandior 
#rolex #rolexexplorer1 
------

#mensfashion #mensstyle #menswear #mensfashionpost #styling #ootd #ootdmens
#mensclothing #menslook #fashionstyle #ファッションスナップ #ファッションポスト #メンズスナップ #ビジネスコーデ #オフィスコーデ 
#スーツスタイル #メンズスーツ
#ドレスコーデ #メンズドレス
#スーツコーデ #ドレスファッション"
35,18047033977422473,2023-04-03T09:16:00+0000,https://www.instagram.com/p/CqkZGSErqye/,https://scontent-nrt1-2.cdninstagram.com/v/t51.29350-15/339158895_872154983876606_7788799833295403580_n.jpg?_nc_cat=108&ccb=1-7&_nc_sid=8ae9d6&_nc_ohc=QpsvsDWPTlYAX8wwutP&_nc_ht=scontent-nrt1-2.cdninstagram.com&edm=AL-3X8kEAAAA&oh=00_AfDZbTCNI74wsNeibdzvLPMHZEuUZm-1edIvU1ut5yvD-A&oe=6489467F,65,1,424,470,67,"---
4月になりました。
------
#unitedarrows 
#kamakurashirts 
#drakes
#rolex #rolexexplorer2 
------

#mensfashion #mensstyle #menswear #mensfashionpost #styling #ootd #ootdmens
#mensclothing #menslook #fashionstyle #ファッションスナップ #ファッションポスト #メンズスナップ #ビジネスコーデ #オフィスコーデ 
#スーツスタイル #メンズスーツ
#ドレスコーデ #メンズドレス
#スーツコーデ #ドレスファッション"
36,18030606406477344,2023-03-31T10:59:30+0000,https://www.instagram.com/p/Cqc2jthrVAs/,https://scontent-nrt1-2.cdninstagram.com/v/t51.29350-15/338452243_912901676600496_6920183751875013311_n.jpg?_nc_cat=110&ccb=1-7&_nc_sid=8ae9d6&_nc_ohc=Nk6bl7O8TyMAX97NmXK&_nc_ht=scontent-nrt1-2.cdninstagram.com&edm=AL-3X8kEAAAA&oh=00_AfAWcwNfSYvgceDeE7xXgUhJqTA80GOItO0tHyhsHtW6CQ&oe=648850E2,80,1,449,505,82,"---
------
#hamilton #hamiltonwatch #hamiltonkhaki 
#navajo #navajojewelry #indianjewellery 
------

#mensfashion #mensstyle #menswear #mensfashionpost #styling #ootd #ootdmens
#mensclothing #menslook #fashionstyle #ファッションスナップ #ファッションポスト #メンズスナップ #ビジネスコーデ #オフィスコーデ 
#スーツスタイル #メンズスーツ
#ドレスコーデ #メンズドレス
#スーツコーデ #ドレスファッション
#ハミルトン #時計好き #時計好きな人と繋がりたい"
37,17961864440218092,2023-03-29T09:16:12+0000,https://www.instagram.com/p/CqXhJawrW-0/,https://scontent-nrt1-2.cdninstagram.com/v/t51.29350-15/337872540_216017611081207_2168860499749313813_n.jpg?_nc_cat=106&ccb=1-7&_nc_sid=8ae9d6&_nc_ohc=EMxeYY89ATgAX9EZvLa&_nc_ht=scontent-nrt1-2.cdninstagram.com&edm=AL-3X8kEAAAA&oh=00_AfBOMl2P8Cpfn22fPrrN98MQ_ivrCSavaADPzpQWOI7Ujw&oe=64897A23,104,3,378,420,109,"---
------
#beamsf 
#thomasmason 
#gierremilano 
#rolex #rolexexplorer1 
------

#mensfashion #mensstyle #menswear #mensfashionpost #styling #ootd #ootdmens
#mensclothing #menslook #fashionstyle #ファッションスナップ #ファッションポスト #メンズスナップ #ビジネスコーデ #オフィスコーデ 
#スーツスタイル #メンズスーツ
#ドレスコーデ #メンズドレス
#スーツコーデ #ドレスファッション"
38,18030232744468756,2023-03-28T09:00:37+0000,https://www.instagram.com/p/CqU6kY9rjB4/,https://scontent-nrt1-2.cdninstagram.com/v/t51.29350-15/338167863_611038350518405_855318915357353175_n.jpg?_nc_cat=105&ccb=1-7&_nc_sid=8ae9d6&_nc_ohc=2JD7Z1x3ylQAX-14Aho&_nc_ht=scontent-nrt1-2.cdninstagram.com&edm=AL-3X8kEAAAA&oh=00_AfD5CDpk0TFVPmuKAdAR0cmaIHvE_1ZqqBrlu2lA59DV8Q&oe=6488F871,86,2,379,419,89,"---
ようやく天気回復！
-------
#lardini 
#nigelcabourn 
#rolex #rolexexplorer1 
------

#mensfashion #mensstyle #menswear #mensfashionpost #styling #ootd #ootdmens
#mensclothing #menslook #fashionstyle #ファッションスナップ #ファッションポスト #メンズスナップ #ビジネスコーデ #オフィスコーデ 
#スーツスタイル #メンズスーツ
#ドレスコーデ #メンズドレス
#スーツコーデ #ドレスファッション"
39,18047793715412357,2023-03-27T09:06:53+0000,https://www.instagram.com/p/CqSWfdurnvq/,https://scontent-nrt1-2.cdninstagram.com/v/t51.29350-15/338440365_1645206569254603_8404878881166872342_n.jpg?_nc_cat=107&ccb=1-7&_nc_sid=8ae9d6&_nc_ohc=DgeaQ3EMGLIAX8kzVSm&_nc_ht=scontent-nrt1-2.cdninstagram.com&edm=AL-3X8kEAAAA&oh=00_AfC738NDqmoj6HKWYYX4ZTJTUzpYqYLDsdqHB_URW8ZKig&oe=648971AB,92,4,420,470,97,"---
春だからか、最近朝がめちゃくちゃ眠い
------
#ringjacket 
#unitedarrows 
#kamakurashirts 
#francominucci 
#rolex #rolexexplorer2 
------

#mensfashion #mensstyle #menswear #mensfashionpost #styling #ootd #ootdmens
#mensclothing #menslook #fashionstyle #ファッションスナップ #ファッションポスト #メンズスナップ #ビジネスコーデ #オフィスコーデ 
#スーツスタイル #メンズスーツ
#ドレスコーデ #メンズドレス
#スーツコーデ #ドレスファッション"
40,17991115876855317,2023-03-26T09:06:18+0000,https://www.instagram.com/p/CqPxoTbLmDC/,https://scontent-nrt1-2.cdninstagram.com/v/t51.29350-15/337563094_3265716017073321_7398283283195278201_n.jpg?_nc_cat=103&ccb=1-7&_nc_sid=8ae9d6&_nc_ohc=wdnK6agm8AYAX-U_WZm&_nc_ht=scontent-nrt1-2.cdninstagram.com&edm=AL-3X8kEAAAA&oh=00_AfCDHHjIOtA-uoWcDi8Ol8elzpxnvb8KhRxQGBo9j4R0QA&oe=648A04DD,82,3,341,383,86,"---
------
#beams #beamsf 
#kamakurashirts 
#gierremilano 
#rolex #rolexexplorer1 
------

#mensfashion #mensstyle #menswear #mensfashionpost #styling #ootd #ootdmens
#mensclothing #menslook #fashionstyle #ファッションスナップ #ファッションポスト #メンズスナップ #ビジネスコーデ #オフィスコーデ 
#スーツスタイル #メンズスーツ
#ドレスコーデ #メンズドレス
#スーツコーデ #ドレスファッション"
41,18068051866367185,2023-03-24T09:14:26+0000,https://www.instagram.com/p/CqKo-GaLe3A/,https://scontent-nrt1-2.cdninstagram.com/v/t51.29350-15/337307360_1226726211601944_356722621359798062_n.jpg?_nc_cat=100&ccb=1-7&_nc_sid=8ae9d6&_nc_ohc=yL1uwUGez-0AX_OvMfZ&_nc_ht=scontent-nrt1-2.cdninstagram.com&edm=AL-3X8kEAAAA&oh=00_AfDPxyZNw5rDUuFK86JS3nR2JUn31UC3ja1iixp2C03M8Q&oe=6488CDDD,68,0,417,453,68,"---
------
#seiko #seikowatch 
------

#mensfashion #mensstyle #menswear #mensfashionpost #styling #ootd #ootdmens
#mensclothing #menslook #fashionstyle #ファッションスナップ #ファッションポスト #メンズスナップ #ビジネスコーデ #オフィスコーデ 
#スーツスタイル #メンズスーツ
#ドレスコーデ #メンズドレス
#スーツコーデ #ドレスファッション
#時計 #時計好き #時計好きな人と繋がりたい"
42,17967685646501399,2023-03-23T09:00:03+0000,https://www.instagram.com/p/CqICh1DLSGt/,https://scontent-nrt1-2.cdninstagram.com/v/t51.29350-15/337297285_162543403353695_258586105367272950_n.jpg?_nc_cat=103&ccb=1-7&_nc_sid=8ae9d6&_nc_ohc=1QI8113W9hUAX8FLJVB&_nc_ht=scontent-nrt1-2.cdninstagram.com&edm=AL-3X8kEAAAA&oh=00_AfDvAB9nNLiTJylmfWvgrWBRHaPigENHT3r4zt3FBW3cPg&oe=6489C0E9,62,2,312,364,65,"---
今週の東京は天気が悪いようです。
-------
#unitedarrows #greenlabelrelaxing 
#kamakurashirts 
#brooksbrothers 
#rolex #rolexexplorer1 
------

#mensfashion #mensstyle #menswear #mensfashionpost #styling #ootd #ootdmens
#mensclothing #menslook #fashionstyle #ファッションスナップ #ファッションポスト #メンズスナップ #ビジネスコーデ #オフィスコーデ 
#スーツスタイル #メンズスーツ
#ドレスコーデ #メンズドレス
#スーツコーデ #ドレスファッション"
43,18260235874120733,2023-03-22T09:48:33+0000,https://www.instagram.com/p/CqFjSRgL7CW/,https://scontent-nrt1-2.cdninstagram.com/v/t51.29350-15/337158556_1267816230814100_179693091006103571_n.jpg?_nc_cat=109&ccb=1-7&_nc_sid=8ae9d6&_nc_ohc=Xtq-DdrXfowAX8edjdM&_nc_ht=scontent-nrt1-2.cdninstagram.com&edm=AL-3X8kEAAAA&oh=00_AfCz_3xDpW1Ss8ihlEaVIKr-0Uo1sbyFeEEESa7s5inVOQ&oe=6488DD6E,68,2,348,391,70,"---
ストライプも良いですよね
------
#lardini 
#kamakurashirts 
#tieyourtie 
#rolex #rolexexplorer1
------

#mensfashion #mensstyle #menswear #mensfashionpost #styling #ootd #ootdmens
#mensclothing #menslook #fashionstyle #ファッションスナップ #ファッションポスト #メンズスナップ #ビジネスコーデ #オフィスコーデ 
#スーツスタイル #メンズスーツ
#ドレスコーデ #メンズドレス
#スーツコーデ #ドレスファッション"
44,17882264195821647,2023-03-21T09:20:22+0000,https://www.instagram.com/p/CqC7Q_MrPVW/,https://scontent-nrt1-2.cdninstagram.com/v/t51.29350-15/336961030_181062864707901_2139661463035613966_n.jpg?_nc_cat=107&ccb=1-7&_nc_sid=8ae9d6&_nc_ohc=FgjdEhVvN4gAX8Rhmb7&_nc_ht=scontent-nrt1-2.cdninstagram.com&edm=AL-3X8kEAAAA&oh=00_AfDmVeRBFZ4QnrEs4c8RoTYmxXogP28vN_W_6pPpl57y9w&oe=64892001,67,2,355,395,71,"---
------
#barbour 
#unitedarrows 
#beams
#kamakurashirts 
#rolex #rolexexplorer2 
------

#mensfashion #mensstyle #menswear #mensfashionpost #styling #ootd #ootdmens
#mensclothing #menslook #fashionstyle #ファッションスナップ #ファッションポスト #メンズスナップ #ビジネスコーデ #オフィスコーデ 
#スーツスタイル #メンズスーツ
#ドレスコーデ #メンズドレス
#スーツコーデ #ドレスファッション"
45,17993120659816641,2023-03-20T02:43:48+0000,https://www.instagram.com/p/Cp_pFikL0Bu/,https://scontent-nrt1-2.cdninstagram.com/v/t51.29350-15/336041087_187946733988272_6517174675967889734_n.jpg?_nc_cat=103&ccb=1-7&_nc_sid=8ae9d6&_nc_ohc=CQ6J9GY1i84AX8aHC4L&_nc_ht=scontent-nrt1-2.cdninstagram.com&edm=AL-3X8kEAAAA&oh=00_AfDgPbpcZystfq4QgLW1vfYrv46m_5oY2_kN_gRydFLT9g&oe=6488AD50,71,0,349,405,71,"---
この時期は外の気温と合わせるのが難しいですね。寒かったり暑かったり。
------
#aspesi
#champion #championreverseweave 
#thomasmason 
#hamilton #hamiltonkhaki 
------

#mensfashion #mensstyle #menswear #mensfashionpost #styling #ootd #ootdmens
#mensclothing #menslook #fashionstyle #ファッションスナップ #ファッションポスト #メンズスナップ #ビジネスコーデ #オフィスコーデ 
#スーツスタイル #メンズスーツ
#ドレスコーデ #メンズドレス
#スーツコーデ #ドレスファッション"
46,17930615378549922,2023-03-19T02:50:17+0000,https://www.instagram.com/p/Cp9FCKUrHbM/,https://scontent-nrt1-2.cdninstagram.com/v/t51.29350-15/336168591_177821398370277_3096716059085986843_n.jpg?_nc_cat=102&ccb=1-7&_nc_sid=8ae9d6&_nc_ohc=hG_4LBNidIgAX_JYqIN&_nc_ht=scontent-nrt1-2.cdninstagram.com&edm=AL-3X8kEAAAA&oh=00_AfAi25YyNd3nJVynqc_YvzD-NUcEHZz0MlFAT-w6MI8fGA&oe=6489933F,91,2,430,471,95,"---
------
#unitedarrows 
#kamakurashirts 
#beams
#rolex #rolexexplorer2 
------

#mensfashion #mensstyle #menswear #mensfashionpost #styling #ootd #ootdmens
#mensclothing #menslook #fashionstyle #ファッションスナップ #ファッションポスト #メンズスナップ #ビジネスコーデ #オフィスコーデ 
#スーツスタイル #メンズスーツ
#ドレスコーデ #メンズドレス
#スーツコーデ #ドレスファッション"
47,17970068159482783,2023-03-18T02:47:02+0000,https://www.instagram.com/p/Cp6f3aErVoy/,https://scontent-nrt1-2.cdninstagram.com/v/t51.29350-15/336042600_3211814062426917_3281251771844701164_n.jpg?_nc_cat=107&ccb=1-7&_nc_sid=8ae9d6&_nc_ohc=yhWeE55vbzsAX8-6wlv&_nc_ht=scontent-nrt1-2.cdninstagram.com&edm=AL-3X8kEAAAA&oh=00_AfA9aWYbeYJ90S82inF7-_malVvCoJYqipyZLu0OrVdGSQ&oe=6489FAB0,80,0,585,648,80,"---
------
#rolex
#rolexexplorer1 
#ロレックス
#エクワン
------

#mensfashion #mensstyle #menswear #mensfashionpost #styling #ootd #ootdmens
#mensclothing #menslook #fashionstyle #ファッションスナップ #ファッションポスト #メンズスナップ #ビジネスコーデ #オフィスコーデ 
#スーツスタイル #メンズスーツ
#ドレスコーデ #メンズドレス
#スーツコーデ #ドレスファッション
#時計 #時計好き #時計好きな人と繋がりたい"
48,17902014884681369,2023-03-15T09:05:43+0000,https://www.instagram.com/p/Cpzc0ZRr3X3/,https://scontent-nrt1-2.cdninstagram.com/v/t51.29350-15/336126656_569115645195072_6818735356238056107_n.jpg?_nc_cat=107&ccb=1-7&_nc_sid=8ae9d6&_nc_ohc=u6_mIzL6yX8AX9X3eGP&_nc_ht=scontent-nrt1-2.cdninstagram.com&edm=AL-3X8kEAAAA&oh=00_AfAdElHqiu5v0urj0_1GlyinSy1cEFYqeV2kAOgoX9Z4QQ&oe=6489D8F3,89,1,398,441,92,"---
------
#lardini 
#kamakurashirts 
#rolex #rolexexplorer1 
------

#mensfashion #mensstyle #menswear #mensfashionpost #styling #ootd #ootdmens
#mensclothing #menslook #fashionstyle #ファッションスナップ #ファッションポスト #メンズスナップ #ビジネスコーデ #オフィスコーデ 
#スーツスタイル #メンズスーツ
#ドレスコーデ #メンズドレス
#スーツコーデ #ドレスファッション"
49,18025733440444890,2023-03-13T09:25:01+0000,https://www.instagram.com/p/CpuVcCtLcj-/,https://scontent-nrt1-2.cdninstagram.com/v/t51.29350-15/334670049_187459997335061_5251989490006662138_n.jpg?_nc_cat=108&ccb=1-7&_nc_sid=8ae9d6&_nc_ohc=y86yDoEGsVUAX_USVoK&_nc_ht=scontent-nrt1-2.cdninstagram.com&edm=AL-3X8kEAAAA&oh=00_AfAmBxI6pDlR3EJour5DEy1WuxK3BIC3fi1D7j3xPduo3A&oe=648A3752,95,1,429,473,99,"---
------
#barbour #barbourbedale 
#edifice 
#kamakurashirts 
#kuska
#rolex #rolexexplorer1 
------

#mensfashion #mensstyle #menswear #mensfashionpost #styling #ootd #ootdmens
#mensclothing #menslook #fashionstyle #ファッションスナップ #ファッションポスト #メンズスナップ #ビジネスコーデ #オフィスコーデ 
#スーツスタイル #メンズスーツ
#ドレスコーデ #メンズドレス
#スーツコーデ #ドレスファッション"
50,17981293429959581,2023-03-09T12:20:40+0000,https://www.instagram.com/p/CpkWXCPrbvn/,https://scontent-nrt1-2.cdninstagram.com/v/t51.29350-15/334539800_198210402815964_2170090803756282099_n.jpg?_nc_cat=104&ccb=1-7&_nc_sid=8ae9d6&_nc_ohc=P2FiEo5QTP4AX8P9XQC&_nc_ht=scontent-nrt1-2.cdninstagram.com&edm=AL-3X8kEAAAA&oh=00_AfCRH1A8ZKMrHrpZXHZbT7S-OqfNX_uaGPNf-yGfx1G2fg&oe=6489B6AD,94,1,460,506,95,"---
------
#unitedarrows #greenlabelrelaxing 
#kamakurashirts 
#rolex #rolexexplorer1 
------

#mensfashion #mensstyle #menswear #mensfashionpost #styling #ootd #ootdmens
#mensclothing #menslook #fashionstyle #ファッションスナップ #ファッションポスト #メンズスナップ #ビジネスコーデ #オフィスコーデ 
#スーツスタイル #メンズスーツ
#ドレスコーデ #メンズドレス
#スーツコーデ #ドレスファッション"
51,17937735113508624,2023-03-07T09:40:20+0000,https://www.instagram.com/p/Cpe6a6-LOe7/,https://scontent-nrt1-2.cdninstagram.com/v/t51.29350-15/332566582_909485243534131_658625972172296648_n.jpg?_nc_cat=105&ccb=1-7&_nc_sid=8ae9d6&_nc_ohc=K4SQPQDn218AX8Pk0Fw&_nc_ht=scontent-nrt1-2.cdninstagram.com&edm=AL-3X8kEAAAA&oh=00_AfCHkaJlmoQayZra07pcsZ6vLX-HXHq5dJLXfOa_iQQLJg&oe=648A2276,101,2,379,423,104,"---
------
#lardi 
#johnshelby 
#rolex #rolexexplorer1 
------

#mensfashion #mensstyle #menswear #mensfashionpost #styling #ootd #ootdmens
#mensclothing #menslook #fashionstyle #ファッションスナップ #ファッションポスト #メンズスナップ #ビジネスコーデ #オフィスコーデ 
#スーツスタイル #メンズスーツ
#ドレスコーデ #メンズドレス
#スーツコーデ #ドレスファッション"
52,18037595998432296,2023-03-03T08:32:51+0000,https://www.instagram.com/p/CpUfhJ3rwHK/,https://scontent-nrt1-2.cdninstagram.com/v/t51.29350-15/333881199_1429322781229481_2940042649235665136_n.jpg?_nc_cat=101&ccb=1-7&_nc_sid=8ae9d6&_nc_ohc=6anM2cLvXBcAX9mueS4&_nc_ht=scontent-nrt1-2.cdninstagram.com&edm=AL-3X8kEAAAA&oh=00_AfADzZjTZExcRjOnYqZB4XxANZ8w-Jc-qxGIoUaLZOYDLw&oe=6489293B,108,0,354,395,109,"---
------
#aspesi 
#lardini 
#johnsmedley 
------

#mensfashion #mensstyle #menswear #mensfashionpost #styling #ootd #ootdmens
#mensclothing #menslook #fashionstyle #ファッションスナップ #ファッションポスト #メンズスナップ #ビジネスコーデ #オフィスコーデ 
#スーツスタイル #メンズスーツ
#ドレスコーデ #メンズドレス
#スーツコーデ #ドレスファッション"
53,17984335117913578,2023-03-02T09:21:14+0000,https://www.instagram.com/p/CpSAQqGLbRP/,https://scontent-nrt1-2.cdninstagram.com/v/t51.29350-15/334226486_598294665134438_8845921153128772428_n.jpg?_nc_cat=111&ccb=1-7&_nc_sid=8ae9d6&_nc_ohc=cWDZEcXdHF0AX-9JbcA&_nc_ht=scontent-nrt1-2.cdninstagram.com&edm=AL-3X8kEAAAA&oh=00_AfBiiuYYOTYfI5FVKV6qZf8WXcVx0nMgrKBbA-HrsVjjKg&oe=64886ACB,94,1,343,399,97,"---
------
#suitselect 
#kamakurashirts 
#rolex #rolexexplorer1 
------

#mensfashion #mensstyle #menswear #mensfashionpost #styling #ootd #ootdmens
#mensclothing #menslook #fashionstyle #ファッションスナップ #ファッションポスト #メンズスナップ #ビジネスコーデ #オフィスコーデ 
#スーツスタイル #メンズスーツ
#ドレスコーデ #メンズドレス
#スーツコーデ #ドレスファッション"
54,18335214445067995,2023-02-27T10:00:49+0000,https://www.instagram.com/p/CpKWZ_iPn81/,https://scontent-nrt1-2.cdninstagram.com/v/t51.29350-15/333554682_867005491025087_3741600476249440422_n.jpg?_nc_cat=104&ccb=1-7&_nc_sid=8ae9d6&_nc_ohc=8sY4Ps4fcxMAX8tH659&_nc_ht=scontent-nrt1-2.cdninstagram.com&edm=AL-3X8kEAAAA&oh=00_AfD-xwWv0A-YLfKaCtl-u3Bi4LwtEoSlMqri0Oz5rZdEDw&oe=6488ED8D,99,2,420,463,102,"---
------
#ringjacket 
#kamakurashirts 
#gierremilano 
#rolex #rolexexplorer1 
------

#mensfashion #mensstyle #menswear #mensfashionpost #styling #ootd #ootdmens
#mensclothing #menslook #fashionstyle #ファッションスナップ #ファッションポスト #メンズスナップ #ビジネスコーデ #オフィスコーデ 
#スーツスタイル #メンズスーツ
#ドレスコーデ #メンズドレス
#スーツコーデ #ドレスファッション"
55,17979463837953915,2023-02-25T03:16:09+0000,https://www.instagram.com/p/CpEegSqLezW/,https://scontent-nrt1-2.cdninstagram.com/v/t51.29350-15/332664699_636895195112385_9114890463466311364_n.jpg?_nc_cat=108&ccb=1-7&_nc_sid=8ae9d6&_nc_ohc=zFNgIP3rahoAX9yEXcx&_nc_ht=scontent-nrt1-2.cdninstagram.com&edm=AL-3X8kEAAAA&oh=00_AfBaXwqMj_CbMbXgWIGKaOO4amgO3URlOiilOxUhYo_aGw&oe=6489237B,109,3,429,467,113,"---
------
#lardini 
#kamakurashirts 
#rolex #rolexexplorer1 
------

#mensfashion #mensstyle #menswear #mensfashionpost #styling #ootd #ootdmens
#mensclothing #menslook #fashionstyle #ファッションスナップ #ファッションポスト #メンズスナップ #ビジネスコーデ #オフィスコーデ 
#スーツスタイル #メンズスーツ
#ドレスコーデ #メンズドレス
#スーツコーデ #ドレスファッション"
56,17985170863767505,2023-02-23T07:08:50+0000,https://www.instagram.com/p/Co_viw4LT6B/,https://scontent-nrt1-2.cdninstagram.com/v/t51.29350-15/332244071_1571800699972357_4379339084438564144_n.jpg?_nc_cat=110&ccb=1-7&_nc_sid=8ae9d6&_nc_ohc=sQxiY27a0WAAX9bwygB&_nc_ht=scontent-nrt1-2.cdninstagram.com&edm=AL-3X8kEAAAA&oh=00_AfA1_q-fv2Hum1L6U2KNRSFJxWRZSPMZGgem8mRkLyq2cg&oe=648898FA,98,0,619,668,98,"---
------
休み！天気も良くて春っぽくなってきたような。
#uniqlou 
#brooksbrothers 
#hamilton #hamiltonkhaki 
------

#mensfashion #mensstyle #menswear #mensfashionpost #styling #fashion #fashionista #ootd #ootdmens
#mensclothing #menslook #fashionstyle #ファッションスナップ #ファッションポスト #メンズスナップ
#ベーシックコーデ #ベーシックスタイル
#メンズカジュアル #ハミルトン #ハミルトンカーキ"
57,17955638756265708,2023-02-21T09:03:50+0000,https://www.instagram.com/p/Co6zHRvrA4Q/,https://scontent-nrt1-2.cdninstagram.com/v/t51.29350-15/332027295_1231274840827511_8996212014913648589_n.jpg?_nc_cat=100&ccb=1-7&_nc_sid=8ae9d6&_nc_ohc=4bUoxvWqoSYAX8aqo3i&_nc_ht=scontent-nrt1-2.cdninstagram.com&edm=AL-3X8kEAAAA&oh=00_AfDED8DlaiC3rh4DL2O-Ko66u7haBLIxKzFExORV5qPiIw&oe=64897079,118,3,466,522,122,"---
------
#lardini 
#kamakurashirts 
#gierremilano 
#rolex #rolexexplorer1 
------

#mensfashion #mensstyle #menswear #mensfashionpost #styling #ootd #ootdmens
#mensclothing #menslook #fashionstyle #ファッションスナップ #ファッションポスト #メンズスナップ #ビジネスコーデ #オフィスコーデ 
#スーツスタイル #メンズスーツ
#ドレスコーデ #メンズドレス
#スーツコーデ #ドレスファッション"
58,17881355441761090,2023-02-20T10:52:34+0000,https://www.instagram.com/p/Co4aw4irTFT/,https://scontent-nrt1-2.cdninstagram.com/v/t51.29350-15/332128543_159947970179092_5406817664842144956_n.jpg?_nc_cat=100&ccb=1-7&_nc_sid=8ae9d6&_nc_ohc=RuhxCNhB414AX-u_Txu&_nc_ht=scontent-nrt1-2.cdninstagram.com&edm=AL-3X8kEAAAA&oh=00_AfB5zWfC2WGArXuzH9u_vRYidXEomxf8-btKylXIwDTxig&oe=6488A9D4,86,0,474,506,86,"---
------
#barbour 
#ringjacket 
#nigelcabourn 
#rolex #rolexexplorer1 
------

#mensfashion #mensstyle #menswear #mensfashionpost #styling #ootd #ootdmens
#mensclothing #menslook #fashionstyle #ファッションスナップ #ファッションポスト #メンズスナップ #ビジネスコーデ #オフィスコーデ 
#スーツスタイル #メンズスーツ
#ドレスコーデ #メンズドレス
#スーツコーデ #ドレスファッション"
59,17997306592654857,2023-02-18T08:15:00+0000,https://www.instagram.com/p/Coy_JAFrM0h/,https://scontent-nrt1-2.cdninstagram.com/v/t51.29350-15/331334618_230185889445237_4679361030757529933_n.jpg?_nc_cat=100&ccb=1-7&_nc_sid=8ae9d6&_nc_ohc=c5otpu4dUNwAX9J36Jj&_nc_ht=scontent-nrt1-2.cdninstagram.com&edm=AL-3X8kEAAAA&oh=00_AfDuRRssqDbyTvQSpLCsO6rlMfjRiRZwWkPt7Xrk-dcnZw&oe=6489FB56,101,2,363,410,104,"---
------
#lardini 
#johnsmedley 
#rolex #rolexexplorer1 
------

#mensfashion #mensstyle #menswear #mensfashionpost #styling #ootd #ootdmens
#mensclothing #menslook #fashionstyle #ファッションスナップ #ファッションポスト #メンズスナップ #ビジネスコーデ #オフィスコーデ 
#スーツスタイル #メンズスーツ
#ドレスコーデ #メンズドレス
#スーツコーデ #ドレスファッション"
60,17997884140640883,2023-02-17T09:03:47+0000,https://www.instagram.com/p/Cowf7dxLdLn/,https://scontent-nrt1-2.cdninstagram.com/v/t51.29350-15/331095874_875368760411135_4158961249504427559_n.jpg?_nc_cat=105&ccb=1-7&_nc_sid=8ae9d6&_nc_ohc=sKvEXYsydHUAX-i-jFn&_nc_ht=scontent-nrt1-2.cdninstagram.com&edm=AL-3X8kEAAAA&oh=00_AfBijI7Efx1bm9WrsyvGeYQKUPRcbhDQxMtCWAXuiG8CBQ&oe=64892045,74,1,328,367,76,"---
------
#suitselect 
#kamakurashirts 
#dior #christiandior 
#rolex #rolexexplorer1 
------

#mensfashion #mensstyle #menswear #mensfashionpost #styling #ootd #ootdmens
#mensclothing #menslook #fashionstyle #ファッションスナップ #ファッションポスト #メンズスナップ #ビジネスコーデ #オフィスコーデ 
#スーツスタイル #メンズスーツ
#ドレスコーデ #メンズドレス
#スーツコーデ #ドレスファッション"
61,17861858819884902,2023-02-14T10:18:32+0000,https://www.instagram.com/p/Coo6GS3rKpe/,https://scontent-nrt1-2.cdninstagram.com/v/t51.29350-15/330812558_925141115189702_1263861023337378601_n.jpg?_nc_cat=109&ccb=1-7&_nc_sid=8ae9d6&_nc_ohc=7HGVX2Y3vt8AX_AUyRD&_nc_ht=scontent-nrt1-2.cdninstagram.com&edm=AL-3X8kEAAAA&oh=00_AfBPxfa0l3AZxe_LkerFnLFhCD6DGT04gX11RAMFS0OcOA&oe=648981A1,75,5,424,456,81,"---
------
#lardini 
#kamakurashirts 
#breuer 
#rolex #rolexexplorer1 #ロレックスエクスプローラー1 
------

#mensfashion #mensstyle #menswear #mensfashionpost #styling #ootd #ootdmens
#mensclothing #menslook #fashionstyle #ファッションスナップ #ファッションポスト #メンズスナップ #ビジネスコーデ #オフィスコーデ 
#スーツスタイル #メンズスーツ
#ドレスコーデ #メンズドレス
#スーツコーデ #ドレスファッション"
62,17961600299139793,2023-02-13T09:40:54+0000,https://www.instagram.com/p/ComQ_2nLOAE/,https://scontent-nrt1-2.cdninstagram.com/v/t51.29350-15/328974838_534044408830318_6970108730915091213_n.jpg?_nc_cat=105&ccb=1-7&_nc_sid=8ae9d6&_nc_ohc=x4in3p-Jev4AX_g61Jb&_nc_ht=scontent-nrt1-2.cdninstagram.com&edm=AL-3X8kEAAAA&oh=00_AfA0sYliOyChwN8du1SyB3nmmGo6P_T_RmZWckXecVDiEA&oe=6489EFEE,74,1,330,358,76,"---
------
#ringjacket 
#kamakurashirts 
#rolex #rolexexplorer1 
------

#mensfashion #mensstyle #menswear #mensfashionpost #styling #ootd #ootdmens
#mensclothing #menslook #fashionstyle #ファッションスナップ #ファッションポスト #メンズスナップ #ビジネスコーデ #オフィスコーデ 
#スーツスタイル #メンズスーツ
#ドレスコーデ #メンズドレス
#スーツコーデ #ドレスファッション"
63,17943308981422492,2023-02-12T08:33:43+0000,https://www.instagram.com/p/Cojkg1FLgRL/,https://scontent-nrt1-2.cdninstagram.com/v/t51.29350-15/328815527_866120594610162_7529446698462271504_n.jpg?_nc_cat=107&ccb=1-7&_nc_sid=8ae9d6&_nc_ohc=c8EIuQeckpAAX-bBGZE&_nc_ht=scontent-nrt1-2.cdninstagram.com&edm=AL-3X8kEAAAA&oh=00_AfDszDP93qs86MG8m7ChErfeVxRm4sqtJuSUm_ifD8K1jA&oe=6488A7CA,70,0,309,343,70,"---
------
#aspesi 
#ringjacket 
#islandknitworks 
#rolex #rolexexplorer1 
------

#mensfashion #mensstyle #menswear #mensfashionpost #styling #ootd #ootdmens
#mensclothing #menslook #fashionstyle #ファッションスナップ #ファッションポスト #メンズスナップ #ビジネスコーデ #オフィスコーデ 
#スーツスタイル #メンズスーツ
#ドレスコーデ #メンズドレス
#スーツコーデ #ドレスファッション"
64,18217915651200852,2023-02-10T08:08:27+0000,https://www.instagram.com/p/CoeYCDNr2HA/,https://scontent-nrt1-2.cdninstagram.com/v/t51.29350-15/329812248_103775725945577_8910942794444162352_n.jpg?_nc_cat=110&ccb=1-7&_nc_sid=8ae9d6&_nc_ohc=oFr1gw5MJvoAX-5nPyj&_nc_ht=scontent-nrt1-2.cdninstagram.com&edm=AL-3X8kEAAAA&oh=00_AfAwd_gwPPkWwPsMY47Qkz_Vq-we8wIl_gjb-7ISlHDSxA&oe=648A1360,70,4,342,389,76,"---
------
#ringjacket 
#johnsmedley 
#rolex #rolexexplorer1 
------

#mensfashion #mensstyle #menswear #mensfashionpost #styling #ootd #ootdmens
#mensclothing #menslook #fashionstyle #ファッションスナップ #ファッションポスト #メンズスナップ #ビジネスコーデ #オフィスコーデ 
#スーツスタイル #メンズスーツ
#ドレスコーデ #メンズドレス
#スーツコーデ #ドレスファッション"
65,18093015556312727,2023-02-08T10:11:45+0000,https://www.instagram.com/p/CoZcjWSLlVj/,https://scontent-nrt1-2.cdninstagram.com/v/t51.29350-15/329676910_933849427637091_8254339896620049183_n.jpg?_nc_cat=107&ccb=1-7&_nc_sid=8ae9d6&_nc_ohc=I49HY576gOoAX_whqSz&_nc_ht=scontent-nrt1-2.cdninstagram.com&edm=AL-3X8kEAAAA&oh=00_AfB9RabVKhi4wut4XdvLzL4kaP9WSzHueuqAcWVC2ZFf0A&oe=648975BD,86,3,436,487,90,"---
------
#lardini
#suitselect 
#rolex #rolexexplorer1 
------

#mensfashion #mensstyle #menswear #mensfashionpost #styling #ootd #ootdmens
#mensclothing #menslook #fashionstyle #ファッションスナップ #ファッションポスト #メンズスナップ #ビジネスコーデ #オフィスコーデ 
#スーツスタイル #メンズスーツ
#ドレスコーデ #メンズドレス
#スーツコーデ #ドレスファッション"
66,18247048951150207,2023-02-07T08:40:27+0000,https://www.instagram.com/p/CoWtT19LNf-/,https://scontent-nrt1-2.cdninstagram.com/v/t51.29350-15/329583510_103552075959168_2260219024847687622_n.jpg?_nc_cat=106&ccb=1-7&_nc_sid=8ae9d6&_nc_ohc=gduPSZbteXIAX836OVG&_nc_ht=scontent-nrt1-2.cdninstagram.com&edm=AL-3X8kEAAAA&oh=00_AfD0-kj1G1awiMwNxBBoR6OCV_Eso5WOWa1NDo7-teOUhw&oe=64891CD5,119,3,485,525,125,"---
------
#lardini 
#kamakurashirts 
#rolex #rolexexplorer1 
------

#mensfashion #mensstyle #menswear #mensfashionpost #styling #ootd #ootdmens
#mensclothing #menslook #fashionstyle #ファッションスナップ #ファッションポスト #メンズスナップ #ビジネスコーデ #オフィスコーデ 
#スーツスタイル #メンズスーツ
#ドレスコーデ #メンズドレス
#スーツコーデ #ドレスファッション"
67,17949235271320263,2023-01-29T05:27:53+0000,https://www.instagram.com/p/Cn_MHherqq3/,https://scontent-nrt1-2.cdninstagram.com/v/t51.29350-15/327723407_712987713644545_1281871266165730492_n.jpg?_nc_cat=103&ccb=1-7&_nc_sid=8ae9d6&_nc_ohc=xVEEXYt5tTIAX8zyc76&_nc_ht=scontent-nrt1-2.cdninstagram.com&edm=AL-3X8kEAAAA&oh=00_AfDA0XkvVPl1sG0I1KCBYZr9vAw52PJ4f9JIHJYBNz3TCA&oe=64893A98,86,1,475,547,88,"---
------
#woolrich #woolrichparka 
#nigelcabourn 
#johnsmedley 
#rolex #rolexexplorer1 
------
#mensfashion #mensstyle #menswear #mensfashionpost #styling #ootd #ootdmens
#mensclothing #menslook #fashionstyle #ファッションスナップ #ファッションポスト #メンズスナップ #ビジネスコーデ #オフィスコーデ 
#スーツスタイル #メンズスーツ
#ドレスコーデ #メンズドレス
#スーツコーデ #ドレスファッション"
68,17865987566810009,2023-01-24T09:39:43+0000,https://www.instagram.com/p/Cnyw9sBrLbL/,https://scontent-nrt1-2.cdninstagram.com/v/t51.29350-15/326853543_742150760583686_7809881636668295477_n.jpg?_nc_cat=101&ccb=1-7&_nc_sid=8ae9d6&_nc_ohc=ZRqXmMws0BwAX-F3ZlD&_nc_ht=scontent-nrt1-2.cdninstagram.com&edm=AL-3X8kEAAAA&oh=00_AfBGk4IOLyTT6Nwy8Utq6LCm0LTn0YIxBzuTrUv1Lj_BsA&oe=64888D90,86,2,374,426,89,"---
------
#ringjacket 
#kamakurashirts 
#kuska
#rolex #rolexexplorer1 
------

#mensfashion #mensstyle #menswear #mensfashionpost #styling #ootd #ootdmens
#mensclothing #menslook #fashionstyle #ファッションスナップ #ファッションポスト #メンズスナップ #ビジネスコーデ #オフィスコーデ 
#スーツスタイル #メンズスーツ
#ドレスコーデ #メンズドレス
#スーツコーデ #ドレスファッション"
69,18169323046260071,2023-01-23T12:12:18+0000,https://www.instagram.com/p/CnwdoS0rWoK/,https://scontent-nrt1-2.cdninstagram.com/v/t51.29350-15/327308403_614595990427417_5228905177599039336_n.jpg?_nc_cat=107&ccb=1-7&_nc_sid=8ae9d6&_nc_ohc=cj0t55Q7jvIAX-PMAzu&_nc_ht=scontent-nrt1-2.cdninstagram.com&edm=AL-3X8kEAAAA&oh=00_AfDum-M2lYcNI6N2DYHtVgddf7eOwihpKTj_JpC0e40ARQ&oe=64885335,95,2,611,673,98,"---
------
#woolrich #woolricharcticparka 
#lardini 
#kamakurashirts 
#breuer 
#rolex #rolexexplorer1 
------

#mensfashion #mensstyle #menswear #mensfashionpost #styling #ootd #ootdmens
#mensclothing #menslook #fashionstyle #ファッションスナップ #ファッションポスト #メンズスナップ #ビジネスコーデ #オフィスコーデ 
#スーツスタイル #メンズスーツ
#ドレスコーデ #メンズドレス
#スーツコーデ #ドレスファッション"
70,18217325293203343,2023-01-18T09:14:52+0000,https://www.instagram.com/p/CnjRWYCLfCZ/,https://scontent-nrt1-2.cdninstagram.com/v/t51.29350-15/325861672_903802010804889_5633423305307453225_n.jpg?_nc_cat=107&ccb=1-7&_nc_sid=8ae9d6&_nc_ohc=Mk_kyFFEXesAX-fFgGo&_nc_ht=scontent-nrt1-2.cdninstagram.com&edm=AL-3X8kEAAAA&oh=00_AfAtIp70VnkqY4NlhAwXxRl1FJhAYE87C2xGER3VP0YyNg&oe=64897F63,75,2,338,375,78,"---
------
#lardini 
#kamakurashirts 
#dior #christiandior 
#rolex
------

#mensfashion #mensstyle #menswear #mensfashionpost #styling #ootd #ootdmens
#mensclothing #menslook #fashionstyle #ファッションスナップ #ファッションポスト #メンズスナップ #ビジネスコーデ #オフィスコーデ 
#スーツスタイル #メンズスーツ
#ドレスコーデ #メンズドレス
#スーツコーデ #ドレスファッション"
71,17877201965797227,2023-01-17T08:46:55+0000,https://www.instagram.com/p/CngpWzVrNXd/,https://scontent-nrt1-2.cdninstagram.com/v/t51.29350-15/325624292_1529487840906872_4674826007725232364_n.jpg?_nc_cat=102&ccb=1-7&_nc_sid=8ae9d6&_nc_ohc=Jyl7uxtHfAIAX_nj_6t&_nc_ht=scontent-nrt1-2.cdninstagram.com&edm=AL-3X8kEAAAA&oh=00_AfDGNI42Ej8bLsAUaUK0HGUi0Iv7g6Hw4aMBQzISFWT1Lg&oe=6489EF82,64,1,331,369,66,"---
------
#ringjacket 
#kamakurashirts 
#rolex
------

#mensfashion #mensstyle #menswear #mensfashionpost #styling #ootd #ootdmens
#mensclothing #menslook #fashionstyle #ファッションスナップ #ファッションポスト #メンズスナップ #ビジネスコーデ #オフィスコーデ 
#スーツスタイル #メンズスーツ
#ドレスコーデ #メンズドレス
#スーツコーデ #ドレスファッション"
72,18035664856378955,2022-12-26T07:50:18+0000,https://www.instagram.com/p/Cmn5Y2YLJPQ/,https://scontent-nrt1-2.cdninstagram.com/v/t51.29350-15/321725878_694641758727705_5162949346898006546_n.jpg?_nc_cat=103&ccb=1-7&_nc_sid=8ae9d6&_nc_ohc=85WAsb4GPTIAX_ZZKx9&_nc_ht=scontent-nrt1-2.cdninstagram.com&edm=AL-3X8kEAAAA&oh=00_AfBJzEx9Zapoi_SilJj1vT4FGCY-MJwCtPjYagbAMzf9-A&oe=6488A4D1,95,3,488,525,99,"---
------
#unitedarrows #greenlabelrelaxing 
#kamakurashirts 
#kuska 
#rolex #rolexexplorer1 
------

#mensfashion #mensstyle #menswear #mensfashionpost #styling #ootd #ootdmens
#mensclothing #menslook #fashionstyle #ファッションスナップ #ファッションポスト #メンズスナップ #ビジネスコーデ #オフィスコーデ 
#スーツスタイル #メンズスーツ
#ドレスコーデ #メンズドレス
#スーツコーデ #ドレスファッション"
73,17992870720620579,2022-12-23T11:06:04+0000,https://www.instagram.com/p/CmghaJzLI18/,https://scontent-nrt1-2.cdninstagram.com/v/t51.29350-15/321407394_1209451386654958_5704557982086000847_n.jpg?_nc_cat=100&ccb=1-7&_nc_sid=8ae9d6&_nc_ohc=zrJI-4OfimMAX94sodH&_nc_ht=scontent-nrt1-2.cdninstagram.com&edm=AL-3X8kEAAAA&oh=00_AfAeSCQPYK1dRcCMSQH92N-zqQlDrBaQaDvuppw8RJue5A&oe=6489D787,94,1,408,439,95,"---
------
#lardini 
#kamakurashirts 
#dior #christiandior 
#rolex #rolexexplorer1 
------

#mensfashion #mensstyle #menswear #mensfashionpost #styling #ootd #ootdmens
#mensclothing #menslook #fashionstyle #ファッションスナップ #ファッションポスト #メンズスナップ #ビジネスコーデ #オフィスコーデ 
#スーツスタイル #メンズスーツ
#ドレスコーデ #メンズドレス
#スーツコーデ #ドレスファッション"
74,17984449264779626,2022-12-22T09:56:55+0000,https://www.instagram.com/p/Cmd0szSrkpR/,https://scontent-nrt1-2.cdninstagram.com/v/t51.29350-15/321041727_534453381907277_8286266111520775664_n.jpg?_nc_cat=106&ccb=1-7&_nc_sid=8ae9d6&_nc_ohc=YPH_nveNkysAX9Yvqyt&_nc_ht=scontent-nrt1-2.cdninstagram.com&edm=AL-3X8kEAAAA&oh=00_AfCZu5uZ9rMq818zsal0uzkn8R_69CbXDw9EVW1NbCgg9w&oe=64898297,90,3,425,457,93,"---
------
#lardini 
#kamakurashirts 
#breuer 
#rolex #rolexexplorer1 
------

#mensfashion #mensstyle #menswear #mensfashionpost #styling #ootd #ootdmens
#mensclothing #menslook #fashionstyle #ファッションスナップ #ファッションポスト #メンズスナップ #ビジネスコーデ #オフィスコーデ 
#スーツスタイル #メンズスーツ
#ドレスコーデ #メンズドレス
#スーツコーデ #ドレスファッション"
75,18055847668365807,2022-12-18T06:11:15+0000,https://www.instagram.com/p/CmTHsc_r1qZ/,https://scontent-nrt1-2.cdninstagram.com/v/t51.29350-15/320446624_1235905283805900_1429626831758557951_n.jpg?_nc_cat=109&ccb=1-7&_nc_sid=8ae9d6&_nc_ohc=iF6MNIZkJOUAX99WgVV&_nc_ht=scontent-nrt1-2.cdninstagram.com&edm=AL-3X8kEAAAA&oh=00_AfAK8lZbTg73k697rdveL-44ZFA48TtDYhUpToAYiZY7Yg&oe=648949E5,100,3,403,461,105,"---
------
#lardini 
#kamakurashirts 
#breuer 
#rolex #rolexexplorer1 
------
#mensfashion #mensstyle #menswear #mensfashionpost #styling #ootd #ootdmens
#mensclothing #menslook #fashionstyle #ファッションスナップ #ファッションポスト #メンズスナップ #ビジネスコーデ #オフィスコーデ 
#スーツスタイル #メンズスーツ
#ドレスコーデ #メンズドレス
#スーツコーデ #ドレスファッション"
76,18209865763201355,2022-12-17T03:10:57+0000,https://www.instagram.com/p/CmQORCwrVir/,https://scontent-nrt1-2.cdninstagram.com/v/t51.29350-15/320276850_3345894852321266_8276437565327458926_n.jpg?_nc_cat=102&ccb=1-7&_nc_sid=8ae9d6&_nc_ohc=CUOpovAQhewAX9Zrkoj&_nc_ht=scontent-nrt1-2.cdninstagram.com&edm=AL-3X8kEAAAA&oh=00_AfA1hnFoM4RVRYqLnGiKODi8qB-Y9JBgKXgXngLoWlPydw&oe=6489E913,101,5,547,591,106,"---
------
#lardini 
#nigelcabourn 
#rolex #rolexexplorer1 
------

#mensfashion #mensstyle #menswear #mensfashionpost #styling #ootd #ootdmens
#mensclothing #menslook #fashionstyle #ファッションスナップ #ファッションポスト #メンズスナップ #ビジネスコーデ #オフィスコーデ 
#スーツスタイル #メンズスーツ
#ドレスコーデ #メンズドレス
#スーツコーデ #ドレスファッション"
77,17957871452321266,2022-12-15T08:54:54+0000,https://www.instagram.com/p/CmLsCYbLtrT/,https://scontent-nrt1-2.cdninstagram.com/v/t51.29350-15/319905913_935763224060797_7359298748162695149_n.jpg?_nc_cat=100&ccb=1-7&_nc_sid=8ae9d6&_nc_ohc=ERU2bXCP9MkAX9LSOjk&_nc_ht=scontent-nrt1-2.cdninstagram.com&edm=AL-3X8kEAAAA&oh=00_AfDD4ZLmjpjo7vto0STAh9JgKefnrBrq6WMYln0OI3BPNw&oe=64892CD4,83,2,460,490,86,"---
ちょっと前からダウン解禁しちゃいました
------
#woolrich #woolricharcticparka 
#lardini 
#islandknitworks 
#rolex #rolexexplorer1 
------

#mensfashion #mensstyle #menswear #mensfashionpost #styling #ootd #ootdmens
#mensclothing #menslook #fashionstyle #ファッションスナップ #ファッションポスト #メンズスナップ #ビジネスコーデ #オフィスコーデ 
#スーツスタイル #メンズスーツ
#ドレスコーデ #メンズドレス
#スーツコーデ #ドレスファッション"
78,17968460879046097,2022-12-14T09:26:29+0000,https://www.instagram.com/p/CmJK20ur6hR/,https://scontent-nrt1-2.cdninstagram.com/v/t51.29350-15/319805590_213042131160863_7300433848708466150_n.jpg?_nc_cat=109&ccb=1-7&_nc_sid=8ae9d6&_nc_ohc=pIZ9-R1iLSMAX9d6riD&_nc_ht=scontent-nrt1-2.cdninstagram.com&edm=AL-3X8kEAAAA&oh=00_AfCovbUC2isgECIHIaJhni2DU2WnysXWTuSM4si-3HIkCQ&oe=6489E943,83,3,476,509,87,"---
------
#lardini 
#thomasmason 
#rolex #rolexexplorer1 #ロレックス #エクワン
------

#mensfashion #mensstyle #menswear #mensfashionpost #styling #ootd #ootdmens
#mensclothing #menslook #fashionstyle #ファッションスナップ #ファッションポスト #メンズスナップ #ビジネスコーデ #オフィスコーデ 
#スーツスタイル #メンズスーツ
#ドレスコーデ #メンズドレス
#スーツコーデ #ドレスファッション"
79,17981786734787783,2022-12-11T08:04:50+0000,https://www.instagram.com/p/CmBTIK5rUBG/,https://scontent-nrt1-2.cdninstagram.com/v/t51.29350-15/318980722_905018557544450_4629405901137028713_n.jpg?_nc_cat=108&ccb=1-7&_nc_sid=8ae9d6&_nc_ohc=s4QIxu_a6bgAX_aPwz2&_nc_oc=AQkcHMER_3RBTCCqKQ1BaOe6bKGwZizFsvgNJGfrh4aF_ajSYFXe6iwYKBu9Xqt7rPU&_nc_ht=scontent-nrt1-2.cdninstagram.com&edm=AL-3X8kEAAAA&oh=00_AfCxRU7nQK_x2_PQtln0BLT2jqxF6gf9U5k1-fY073aclA&oe=6489B38E,89,0,463,505,90,"---
------
#hamilton 
#hamiltonwatch 
#hamiltonkhaki 
#hamiltonkhakifield 
#ハミルトン
------

#mensfashion #mensstyle #menswear #mensfashionpost #styling #fashion #fashionista #ootd #ootdmens
#mensclothing #menslook #fashionstyle #ファッションスナップ #ファッションポスト #メンズスナップ
#ベーシックコーデ #ベーシックスタイル
#メンズカジュアル 
#時計 #watch #メンズ時計 #menswatch
#ハミルトンカーキ #メンズウォッチ #メンズ腕時計"
80,18327673153029115,2022-12-10T09:12:00+0000,https://www.instagram.com/p/Cl-2BQCLDkd/,https://scontent-nrt1-2.cdninstagram.com/v/t51.29350-15/319295176_1584413988647386_8578089552737156154_n.jpg?_nc_cat=108&ccb=1-7&_nc_sid=8ae9d6&_nc_ohc=nolMWyIuDJIAX9QuTZi&_nc_ht=scontent-nrt1-2.cdninstagram.com&edm=AL-3X8kEAAAA&oh=00_AfDWzZ7sso0GcKcOXKAwHqh5ACRlr9scpupiZERcIo6Hng&oe=6489CCEA,78,0,636,696,78,"---
------
#barbour 
#orcival 
#nigelcabourn 
#hamilton #hamiltonkhakifield 
------
#バブアー
#mensfashion #mensstyle #menswear #mensfashionpost #styling #fashion #fashionista #ootd #ootdmens
#mensclothing #menslook #fashionstyle #ファッションスナップ #ファッションポスト #メンズスナップ
#ベーシックコーデ #ベーシックスタイル
#メンズカジュアル 
#ハミルトン #ハミルトンカーキ"
81,18155891956279472,2022-12-09T09:15:22+0000,https://www.instagram.com/p/Cl8RnFYrq2I/,https://scontent-nrt1-2.cdninstagram.com/v/t51.29350-15/318455955_711010423699228_3824790610327356531_n.jpg?_nc_cat=101&ccb=1-7&_nc_sid=8ae9d6&_nc_ohc=IPRgAZXNqNsAX-1lCSQ&_nc_ht=scontent-nrt1-2.cdninstagram.com&edm=AL-3X8kEAAAA&oh=00_AfDISTMTpy4IWfLut495Zw4Ubn_0-rHnvqT0eOGIsDUd5w&oe=6488D22C,104,4,525,573,111,"---
------
#lardini
#kamakurashirts 
#dior #christiandior 
#rolex #rolexexplorer1 #ロレックス
#エクワン
------

#mensfashion #mensstyle #menswear #mensfashionpost #styling #ootd #ootdmens
#mensclothing #menslook #fashionstyle #ファッションスナップ #ファッションポスト #メンズスナップ #ビジネスコーデ #オフィスコーデ 
#スーツスタイル #メンズスーツ
#ドレスコーデ #メンズドレス
#スーツコーデ #ドレスファッション"
82,18245048761127279,2022-12-08T08:45:46+0000,https://www.instagram.com/p/Cl5pbYurebT/,https://scontent-nrt1-2.cdninstagram.com/v/t51.29350-15/318314869_1353664328503334_1674808430624229255_n.jpg?_nc_cat=107&ccb=1-7&_nc_sid=8ae9d6&_nc_ohc=TcZw8AGFgX4AX-kkaFz&_nc_ht=scontent-nrt1-2.cdninstagram.com&edm=AL-3X8kEAAAA&oh=00_AfBFt9yJDIUbBPdvxXDKIxf9QDPBHyyNKUvpu71ztR5NOw&oe=6488733E,87,3,406,448,90,"---
------
#lardini
#islandknitworks 
#brooksbrothers 
#rolex #rolexexplorer1 
------

#mensfashion #mensstyle #menswear #mensfashionpost #styling #ootd #ootdmens
#mensclothing #menslook #fashionstyle #ファッションスナップ #ファッションポスト #メンズスナップ #ビジネスコーデ #オフィスコーデ 
#スーツスタイル #メンズスーツ
#ドレスコーデ #メンズドレス
#スーツコーデ #ドレスファッション"
83,17985264040685639,2022-12-06T09:26:54+0000,https://www.instagram.com/p/Cl0ki3qrq87/,https://scontent-nrt1-2.cdninstagram.com/v/t51.29350-15/318136053_5910880212304338_421041219121462860_n.jpg?_nc_cat=109&ccb=1-7&_nc_sid=8ae9d6&_nc_ohc=Yrq4APU-rxoAX-wiKeG&_nc_ht=scontent-nrt1-2.cdninstagram.com&edm=AL-3X8kEAAAA&oh=00_AfDBYpEVJORAxG4SpwimsKX1ZBh--DvFytr5QzDTOi8Uxw&oe=6488C859,91,2,480,508,94,"---
------
#unitedarrows #greenlabelrelaxing 
#kamakurashirts 
#gierremilano 
#rolex #rolexexplorer1 
------

#mensfashion #mensstyle #menswear #mensfashionpost #styling #ootd #ootdmens
#mensclothing #menslook #fashionstyle #ファッションスナップ #ファッションポスト #メンズスナップ #ビジネスコーデ #オフィスコーデ 
#スーツスタイル #メンズスーツ
#ドレスコーデ #メンズドレス
#スーツコーデ #ドレスファッション
#エクワン"
84,18042776482387978,2022-12-05T08:59:44+0000,https://www.instagram.com/p/Clx8pHvrZ8Z/,https://scontent-nrt1-2.cdninstagram.com/v/t51.29350-15/318147618_148971854552018_1773450173545961928_n.jpg?_nc_cat=105&ccb=1-7&_nc_sid=8ae9d6&_nc_ohc=xwYbWZ99P84AX9J5am_&_nc_ht=scontent-nrt1-2.cdninstagram.com&edm=AL-3X8kEAAAA&oh=00_AfB8JxFX9jbE4jR6Nhtzv75wiBSrIAzxbpp-Z54Kvetqew&oe=6488CA2E,131,3,646,685,136,"---
------
#lardini 
#kamakurashirts 
#gierremilano 
#rolex #rolexexplorer1 
------

#mensfashion #mensstyle #menswear #mensfashionpost #styling #ootd #ootdmens
#mensclothing #menslook #fashionstyle #ファッションスナップ #ファッションポスト #メンズスナップ #ビジネスコーデ #オフィスコーデ 
#スーツスタイル #メンズスーツ
#ドレスコーデ #メンズドレス
#スーツコーデ #ドレスファッション"
85,18028270228429633,2022-12-04T08:04:05+0000,https://www.instagram.com/p/ClvRejfL4fI/,https://scontent-nrt1-2.cdninstagram.com/v/t51.29350-15/317928322_478089664438134_7377258273397080762_n.jpg?_nc_cat=110&ccb=1-7&_nc_sid=8ae9d6&_nc_ohc=yCFTdqsz7agAX-BRpI-&_nc_oc=AQng3P6CA35Vr8bJ3CD51k08fwahx3jyxGY4o0mcAL06c2Hk_CmYXNJy9nG8kBol8Lg&_nc_ht=scontent-nrt1-2.cdninstagram.com&edm=AL-3X8kEAAAA&oh=00_AfDh7IgRUqmpInnuRswoYw44Xfxhbze5BDvHViDyIPmy-A&oe=64893162,119,0,1064,1068,125,"---
-----
#rolex
#rolexexplorer1 
------

#mensfashion #mensstyle #menswear #mensfashionpost #styling #ootd #ootdmens
#mensclothing #menslook #fashionstyle #ファッションスナップ #ファッションポスト #メンズスナップ #ビジネスコーデ #オフィスコーデ 
#スーツスタイル #メンズスーツ
#ドレスコーデ #メンズドレス
#スーツコーデ #ドレスファッション
#時計 #メンズウォッチ #ロレックス #エクワン"
86,18037790623404782,2022-12-03T09:49:43+0000,https://www.instagram.com/p/Cls4xaFLmys/,https://scontent-nrt1-2.cdninstagram.com/v/t51.29350-15/317945475_1164316867550839_4804343099141561462_n.jpg?_nc_cat=100&ccb=1-7&_nc_sid=8ae9d6&_nc_ohc=01pum__uqigAX_x5dAc&_nc_ht=scontent-nrt1-2.cdninstagram.com&edm=AL-3X8kEAAAA&oh=00_AfAI7_YzIsOJWo8RAkuEt3CRL4qEb82K2IwShbreze3gaw&oe=6489A9E1,122,4,627,655,128,"---
------
#edifice 
#kamakurashirts 
#suitselect 
#rolex #rolexexplorer1 
------

#mensfashion #mensstyle #menswear #mensfashionpost #styling #ootd #ootdmens
#mensclothing #menslook #fashionstyle #ファッションスナップ #ファッションポスト #メンズスナップ #ビジネスコーデ #オフィスコーデ 
#スーツスタイル #メンズスーツ
#ドレスコーデ #メンズドレス
#スーツコーデ #ドレスファッション"
87,17975020408758717,2022-12-01T09:37:03+0000,https://www.instagram.com/p/Clntu5brbFs/,https://scontent-nrt1-2.cdninstagram.com/v/t51.29350-15/317709438_854490192342487_5919992986654915648_n.jpg?_nc_cat=107&ccb=1-7&_nc_sid=8ae9d6&_nc_ohc=XLiVBW_XEYQAX8rWmtq&_nc_ht=scontent-nrt1-2.cdninstagram.com&edm=AL-3X8kEAAAA&oh=00_AfDyGdfb0xfwqZxZSKwsdZ_ZmsWM-pheBrZF8VE7uMLd0A&oe=6489EFEE,103,0,436,478,103,"---
------
#lardini 
#johnsmedley 
#rolex #rolexexplorer1 
------

#mensfashion #mensstyle #menswear #mensfashionpost #styling #ootd #ootdmens
#mensclothing #menslook #fashionstyle #ファッションスナップ #ファッションポスト #メンズスナップ #ビジネスコーデ #オフィスコーデ 
#スーツスタイル #メンズスーツ
#ドレスコーデ #メンズドレス
#スーツコーデ #ドレスファッション"
88,17947821290367669,2022-11-29T10:06:26+0000,https://www.instagram.com/p/ClingR-rg6i/,https://scontent-nrt1-2.cdninstagram.com/v/t51.29350-15/317363513_8646925655348271_8954478858449421842_n.jpg?_nc_cat=101&ccb=1-7&_nc_sid=8ae9d6&_nc_ohc=gm_bTXa95yEAX_1xP1H&_nc_ht=scontent-nrt1-2.cdninstagram.com&edm=AL-3X8kEAAAA&oh=00_AfDNdOW-mixMcizI_WMyktsYkYE3Set13seVCCAfAIki8g&oe=648A13AC,128,5,636,689,134,"---
------
#unitedarrows 
#kamakurashirts 
#lardini 
#rolex #rolexexplorer1 
------

#mensfashion #mensstyle #menswear #mensfashionpost #styling #ootd #ootdmens
#mensclothing #menslook #fashionstyle #ファッションスナップ #ファッションポスト #メンズスナップ #ビジネスコーデ #オフィスコーデ 
#スーツスタイル #メンズスーツ
#ドレスコーデ #メンズドレス
#スーツコーデ #ドレスファッション"
89,17860381643796406,2022-11-28T09:23:26+0000,https://www.instagram.com/p/Clf9yi2rlgI/,https://scontent-nrt1-2.cdninstagram.com/v/t51.29350-15/317206158_3466328603598025_9041203959633252217_n.jpg?_nc_cat=108&ccb=1-7&_nc_sid=8ae9d6&_nc_ohc=NSxv5fXnPVQAX-m6yUg&_nc_ht=scontent-nrt1-2.cdninstagram.com&edm=AL-3X8kEAAAA&oh=00_AfDl7T_KukEvvaBSZp9Y0Ij_R9l8uVzrPEzBm4t1wCdWug&oe=6489FFBD,96,4,543,556,100,"---
------
#lardini
#johnsmedley 
#rolex #rolexexplorer1 
------

#mensfashion #mensstyle #menswear #mensfashionpost #styling #ootd #ootdmens
#mensclothing #menslook #fashionstyle #ファッションスナップ #ファッションポスト #メンズスナップ #ビジネスコーデ #オフィスコーデ 
#スーツスタイル #メンズスーツ
#ドレスコーデ #メンズドレス
#スーツコーデ #ドレスファッション"
90,17870796575761122,2022-11-26T09:14:46+0000,https://www.instagram.com/p/ClazNQWr0-V/,https://scontent-nrt1-2.cdninstagram.com/v/t51.29350-15/316886530_644090477454938_3602844331970166441_n.jpg?_nc_cat=105&ccb=1-7&_nc_sid=8ae9d6&_nc_ohc=v76yKALYOlwAX-bDZWN&_nc_ht=scontent-nrt1-2.cdninstagram.com&edm=AL-3X8kEAAAA&oh=00_AfBemB5GYI4R4W5FqciG-s3eiiz6nlBuDjU--gHH0objhg&oe=6489E998,98,3,533,556,103,"---
------
#lardini 
#islandknitworks 
#thomasmason 
#rolex #rolexexplorer1 
------

#mensfashion #mensstyle #menswear #mensfashionpost #styling #ootd #ootdmens
#mensclothing #menslook #fashionstyle #ファッションスナップ #ファッションポスト #メンズスナップ #ビジネスコーデ #オフィスコーデ 
#スーツスタイル #メンズスーツ
#ドレスコーデ #メンズドレス
#スーツコーデ #ドレスファッション"
91,17947645637198507,2022-11-25T09:03:33+0000,https://www.instagram.com/p/ClYNIRurKq4/,https://scontent-nrt1-2.cdninstagram.com/v/t51.29350-15/316998949_1463874177426652_3275413999520946046_n.jpg?_nc_cat=104&ccb=1-7&_nc_sid=8ae9d6&_nc_ohc=1s2NzNH-Dj8AX_lijtt&_nc_ht=scontent-nrt1-2.cdninstagram.com&edm=AL-3X8kEAAAA&oh=00_AfAhANSlgdij-rOYjErjm-ymihpjcNvbSiJnT41XvbGAlQ&oe=6489A852,91,2,490,514,94,"---
------
#crockettandjones 
#pttorino 
------

#mensfashion #mensstyle #menswear #mensfashionpost #styling #ootd #ootdmens
#mensclothing #menslook #fashionstyle #ファッションスナップ #ファッションポスト #メンズスナップ #ビジネスコーデ #オフィスコーデ 
#スーツスタイル #メンズスーツ
#ドレスコーデ #メンズドレス
#スーツコーデ #ドレスファッション
#革靴コーデ #メンズシューズ #ドレスシューズ"
92,18117627223295676,2022-11-24T11:14:22+0000,https://www.instagram.com/p/ClV3Tf_LyN6/,https://scontent-nrt1-2.cdninstagram.com/v/t51.29350-15/316739993_1562136080905790_7414105813389231346_n.jpg?_nc_cat=100&ccb=1-7&_nc_sid=8ae9d6&_nc_ohc=24o_EX03nMQAX8AiO8y&_nc_ht=scontent-nrt1-2.cdninstagram.com&edm=AL-3X8kEAAAA&oh=00_AfBXkg0FkJr7HqZKA8gQG_UGJrjk0t6xIxVSZOkuJswCyA&oe=6489C34B,106,1,529,554,108,"---
------
#lardini 
#kamakurashirts 
#dior #christiandior 
#rolex #rolexexplorer 
------

#mensfashion #mensstyle #menswear #mensfashionpost #styling #ootd #ootdmens
#mensclothing #menslook #fashionstyle #ファッションスナップ #ファッションポスト #メンズスナップ #ビジネスコーデ #オフィスコーデ 
#スーツスタイル #メンズスーツ
#ドレスコーデ #メンズドレス
#スーツコーデ #ドレスファッション"
93,17970500629935374,2022-11-22T08:57:31+0000,https://www.instagram.com/p/ClQeDaDrXz9/,https://scontent-nrt1-2.cdninstagram.com/v/t51.29350-15/316468970_2273174282855745_8007795360169903165_n.jpg?_nc_cat=102&ccb=1-7&_nc_sid=8ae9d6&_nc_ohc=juT4Ahtkp3MAX_OmPhm&_nc_ht=scontent-nrt1-2.cdninstagram.com&edm=AL-3X8kEAAAA&oh=00_AfAVFxg9JR2aqHHxIr8AghjV_UAura1ffb6xe5LAKV63jw&oe=648934C9,139,5,792,848,145,"---
------
#lardini 
#kamakurashirts 
#suitselect 
#rolex #rolexexplorer1 
------

#mensfashion #mensstyle #menswear #mensfashionpost #styling #ootd #ootdmens
#mensclothing #menslook #fashionstyle #ファッションスナップ #ファッションポスト #メンズスナップ #ビジネスコーデ #オフィスコーデ 
#スーツスタイル #メンズスーツ
#ドレスコーデ #メンズドレス
#スーツコーデ #ドレスファッション"
94,17865756197812533,2022-11-20T10:25:45+0000,https://www.instagram.com/p/ClLej-vra4R/,https://scontent-nrt1-2.cdninstagram.com/v/t51.29350-15/316325204_135292749306363_5114261204676151023_n.jpg?_nc_cat=109&ccb=1-7&_nc_sid=8ae9d6&_nc_ohc=kM63QRyUvxsAX91mBdJ&_nc_ht=scontent-nrt1-2.cdninstagram.com&edm=AL-3X8kEAAAA&oh=00_AfBnD9LYy7LJnvvollkk_Ot0vUzJfw5EFdB3I2bQ-5GMfg&oe=6489B3E6,96,0,509,537,96,"---
-----
#barbour 
#nigelcabourn 
#orcival 
#hamilton #hamiltonkhakifield 
------

#mensfashion #mensstyle #menswear #mensfashionpost #styling #fashion #fashionista #ootd #ootdmens
#mensclothing #menslook #fashionstyle #ファッションスナップ #ファッションポスト #メンズスナップ
#ベーシックコーデ #ベーシックスタイル"
95,17966588066038987,2022-11-19T10:49:19+0000,https://www.instagram.com/p/ClI8duerrcQ/,https://scontent-nrt1-2.cdninstagram.com/v/t51.29350-15/316054078_2811530255645370_5713138730681553198_n.jpg?_nc_cat=105&ccb=1-7&_nc_sid=8ae9d6&_nc_ohc=rZre7Njyp0UAX-fEith&_nc_ht=scontent-nrt1-2.cdninstagram.com&edm=AL-3X8kEAAAA&oh=00_AfAxzhXfJKaHBIKPDmJPVJGYSubkrVCJyDK5A1IOAFlxpQ&oe=6488B0D1,107,1,460,482,109,"---
------
#lardini 
#kamakurashirts 
#dior #christiandior
#rolex #rolexexplorer1 
------

#mensfashion #mensstyle #menswear #mensfashionpost #styling #ootd #ootdmens
#mensclothing #menslook #fashionstyle #ファッションスナップ #ファッションポスト #メンズスナップ #ビジネスコーデ #オフィスコーデ 
#スーツスタイル #メンズスーツ
#ドレスコーデ #メンズドレス
#スーツコーデ #ドレスファッション"
96,17945925764230627,2022-11-18T09:45:56+0000,https://www.instagram.com/p/ClGQaj_rivF/,https://scontent-nrt1-2.cdninstagram.com/v/t51.29350-15/315957711_186737740576847_7807191348589549154_n.jpg?_nc_cat=101&ccb=1-7&_nc_sid=8ae9d6&_nc_ohc=rheXM_sc0dgAX_M4TUf&_nc_ht=scontent-nrt1-2.cdninstagram.com&edm=AL-3X8kEAAAA&oh=00_AfD1mwTtzxuHTILecWvdawyle4rLzNnt2Lahqm0dotAIig&oe=6489867C,80,0,473,531,81,"---
------
#lardini 
#kamakurashirts
#suitselect 
#rolex #rolexexplorer1 
------

#mensfashion #mensstyle #menswear #mensfashionpost #styling #ootd #ootdmens
#mensclothing #menslook #fashionstyle #ファッションスナップ #ファッションポスト #メンズスナップ #ビジネスコーデ #オフィスコーデ 
#スーツスタイル #メンズスーツ
#ドレスコーデ #メンズドレス
#スーツコーデ #ドレスファッション"
97,18183387358220693,2022-11-14T09:14:59+0000,https://www.instagram.com/p/Ck75scPL3A1/,https://scontent-nrt1-2.cdninstagram.com/v/t51.29350-15/315350504_193020429899517_907530371884479138_n.jpg?_nc_cat=104&ccb=1-7&_nc_sid=8ae9d6&_nc_ohc=EC7-YIkJrGIAX8_lH-5&_nc_ht=scontent-nrt1-2.cdninstagram.com&edm=AL-3X8kEAAAA&oh=00_AfB4Vm89i0SwpgcjV3FUYtyZ8LrSA04paZzlX7uXQ3zWRA&oe=6489FE76,82,0,471,526,85,"---
-----
#lardini 
#thomasmason 
#brooksbrothers 
#rolex #rolexexplorer1 
------

#mensfashion #mensstyle #menswear #mensfashionpost #styling #ootd #ootdmens
#mensclothing #menslook #fashionstyle #ファッションスナップ #ファッションポスト #メンズスナップ #ビジネスコーデ #オフィスコーデ 
#スーツスタイル #メンズスーツ
#ドレスコーデ #メンズドレス
#スーツコーデ #ドレスファッション"
98,17952428510198868,2022-11-12T09:06:37+0000,https://www.instagram.com/p/Ck2vJVgLATp/,https://scontent-nrt1-2.cdninstagram.com/v/t51.29350-15/315105641_3409283672623730_1560420773492820701_n.jpg?_nc_cat=110&ccb=1-7&_nc_sid=8ae9d6&_nc_ohc=ChpC8lYe_V8AX_CF89g&_nc_ht=scontent-nrt1-2.cdninstagram.com&edm=AL-3X8kEAAAA&oh=00_AfBL5MPuqSBcYSVtAZQThjpuMmUN2gQDY0GVD29Fde7rvA&oe=6488F922,93,1,463,507,95,"---
------
#unitedarrows #greenlabelrelaxing 
#kamakurashirts 
#suitselect 
#rolex #rolexexplorer1 
------

#mensfashion #mensstyle #menswear #mensfashionpost #styling #ootd #ootdmens
#mensclothing #menslook #fashionstyle #ファッションスナップ #ファッションポスト #メンズスナップ #ビジネスコーデ #オフィスコーデ 
#スーツスタイル #メンズスーツ
#ドレスコーデ #メンズドレス
#スーツコーデ #ドレスファッション"
99,18329637436001511,2022-11-10T12:05:47+0000,https://www.instagram.com/p/Ckx6D3KLwu7/,https://scontent-nrt1-2.cdninstagram.com/v/t51.29350-15/314921028_504051008309944_1245156598819956845_n.jpg?_nc_cat=111&ccb=1-7&_nc_sid=8ae9d6&_nc_ohc=WhDO_XwCaK4AX9Q8xcM&_nc_ht=scontent-nrt1-2.cdninstagram.com&edm=AL-3X8kEAAAA&oh=00_AfCmzJJUzMXLK-_Mxylm8ywKjXDs8vz2TXpM57BVukfQLg&oe=64891F0D,97,0,378,411,97,"---
------
#aspesi 
#edifice 
#johnsmedley 
#rolex #rolexexplorer1 
------

#mensfashion #mensstyle #menswear #mensfashionpost #styling #ootd #ootdmens
#mensclothing #menslook #fashionstyle #ファッションスナップ #ファッションポスト #メンズスナップ #ビジネスコーデ #オフィスコーデ 
#スーツスタイル #メンズスーツ
#ドレスコーデ #メンズドレス
#スーツコーデ #ドレスファッション"
100,18037795525399712,2022-11-09T11:10:07+0000,https://www.instagram.com/p/CkvO5NsrHfJ/,https://scontent-nrt1-2.cdninstagram.com/v/t51.29350-15/314840338_1198242127757865_1346757701285744986_n.jpg?_nc_cat=110&ccb=1-7&_nc_sid=8ae9d6&_nc_ohc=H_6dvHxbL_UAX9eVAs7&_nc_ht=scontent-nrt1-2.cdninstagram.com&edm=AL-3X8kEAAAA&oh=00_AfAwfkAoh3TdBjPItn9m6OD5MOtuXShQD9Uq3s9YklVRcg&oe=6489485C,90,0,415,460,91,"---
------
#lardini 
#brooksbrothers 
#kuska 
#rolex #rolexexplorer1 
------

#mensfashion #mensstyle #menswear #mensfashionpost #styling #ootd #ootdmens
#mensclothing #menslook #fashionstyle #ファッションスナップ #ファッションポスト #メンズスナップ #ビジネスコーデ #オフィスコーデ 
#スーツスタイル #メンズスーツ
#ドレスコーデ #メンズドレス
#スーツコーデ #ドレスファッション"
101,17928652769560382,2022-11-07T12:35:44+0000,https://www.instagram.com/p/CkqPGlvrq2t/,https://scontent-nrt1-2.cdninstagram.com/v/t51.29350-15/314594367_655724699292695_3768546484886734137_n.jpg?_nc_cat=111&ccb=1-7&_nc_sid=8ae9d6&_nc_ohc=SAeXz3E_hp8AX-RPiWa&_nc_ht=scontent-nrt1-2.cdninstagram.com&edm=AL-3X8kEAAAA&oh=00_AfA2xp-WO8_LbSAkGXQJg9LIE_ePwRS5D2X81s3GmQ96_A&oe=64894916,97,1,365,416,100,"---
------
#barbour 
#lardini 
#kamakurashirts 
#kuska 
#rolex #rolexexplorer1 
------

#mensfashion #mensstyle #menswear #mensfashionpost #styling #fashion #fashionista #ootd #ootdmens
#mensclothing #menslook #fashionstyle #ファッションスナップ #ファッションポスト #メンズスナップ #ビジネスコーデ #オフィスコーデ 
#ドレスコーデ #メンズドレス
#スーツコーデ #ドレスファッション"
102,17957245577153894,2022-11-07T12:33:07+0000,https://www.instagram.com/p/CkqOzZJr5UT/,https://scontent-nrt1-2.cdninstagram.com/v/t51.29350-15/314489201_209449924770313_3444233139285895893_n.jpg?_nc_cat=105&ccb=1-7&_nc_sid=8ae9d6&_nc_ohc=5NtvvUctj_MAX-nhyif&_nc_ht=scontent-nrt1-2.cdninstagram.com&edm=AL-3X8kEAAAA&oh=00_AfCAZBqgCogufWe8F5LbJEHuM-Bl5mHWPE-uwbuPdCDFdg&oe=64893D99,87,1,327,365,89,"#ネクタイ 
#tie

#hermes 
#lardini 
#gierremilano 

#mensfashion #mensstyle #menswear #mensfashionpost #styling #fashion #fashionista #ootd #ootdmens
#mensclothing #menslook #fashionstyle #ファッションスナップ #ファッションポスト #メンズスナップ #ビジネスコーデ #オフィスコーデ 
#ドレスコーデ #メンズドレス
#スーツコーデ #ドレスファッション"
103,18002502085518929,2022-10-29T01:33:18+0000,https://www.instagram.com/p/CkR4I2kJJrX/,https://scontent-nrt1-2.cdninstagram.com/v/t51.29350-15/313324367_473017861308841_2640437073788304412_n.jpg?_nc_cat=103&ccb=1-7&_nc_sid=8ae9d6&_nc_ohc=KHlFiLL4-HgAX_hvsW-&_nc_ht=scontent-nrt1-2.cdninstagram.com&edm=AL-3X8kEAAAA&oh=00_AfBU-XqHye6f6nm_8hFxhUUvE3Gxv00IqTNH1tfb6EBdTg&oe=6488D31F,86,1,539,586,89,"---
------
#barbour #barbourbedale 
#unitedarrows #greenlabelrelaxing
#kamakurashirts 
#kuska
#rolex #rolexexplorer1 
------
#mensfashion #mensstyle #menswear #mensfashionpost #styling #fashion #fashionista #ootd #ootdmens
#mensclothing #menslook #fashionstyle #ファッションスナップ #ファッションポスト #メンズスナップ #ビジネスコーデ #オフィスコーデ 
#ドレスコーデ #メンズドレス
#スーツコーデ #ドレスファッション"
104,17950853474241349,2022-10-23T11:19:28+0000,https://www.instagram.com/p/CkDec4arDAz/,https://scontent-nrt1-2.cdninstagram.com/v/t51.29350-15/312354577_651053309872400_2875154253159224621_n.jpg?_nc_cat=100&ccb=1-7&_nc_sid=8ae9d6&_nc_ohc=pjDDtU072RYAX_tYyvb&_nc_ht=scontent-nrt1-2.cdninstagram.com&edm=AL-3X8kEAAAA&oh=00_AfB6DaJ_hjr12pKsgq-bkun5LbdPDPlVaMAYAFkvUQrjow&oe=648A0C48,110,0,326,357,110,"---
------
#lardini
#uniqlo 
#rolex #rolexexplorer1 
------
#mensfashion #mensstyle #menswear #mensfashionpost #styling #fashion #fashionista #ootd #ootdmens
#mensclothing #menslook #fashionstyle #ファッションスナップ #ファッションポスト #メンズスナップ #ビジネスコーデ #オフィスコーデ 
#ドレスコーデ #メンズドレス
#スーツコーデ #ドレスファッション"
105,18020568049439527,2022-10-15T01:37:30+0000,https://www.instagram.com/p/Cjt1faSpSfe/,https://scontent-nrt1-2.cdninstagram.com/v/t51.29350-15/311676568_853211595687983_8111301751326318347_n.jpg?_nc_cat=104&ccb=1-7&_nc_sid=8ae9d6&_nc_ohc=3f8XlTYyz3wAX-TfR2I&_nc_ht=scontent-nrt1-2.cdninstagram.com&edm=AL-3X8kEAAAA&oh=00_AfCbFro_ZW6BctOKSDybqqU35UGz8nxrY5oLpr0-FKU_4g&oe=64894D63,132,0,423,472,133,"item
------
Jacket : #lardini 
Shirt #kamakurashirts 
Tie : #lardini 
Watch : #rolex #rolexexplorer1 
------

#mensfashion #mensstyle #menswear #mensfashionpost #styling #fashion #fashionista #ootd #ootdmens
#mensclothing #menslook #fashionstyle #ファッションスナップ #ファッションポスト #メンズスナップ #ビジネスコーデ #オフィスコーデ 
#ドレスコーデ #メンズドレス
#スーツコーデ #ドレスファッション"
106,18036374230382039,2022-10-05T10:17:54+0000,https://www.instagram.com/p/CjVBGKerFNJ/,https://scontent-nrt1-2.cdninstagram.com/v/t51.29350-15/309881278_2229798860526840_3758498125046320966_n.jpg?_nc_cat=105&ccb=1-7&_nc_sid=8ae9d6&_nc_ohc=bZev6toddOIAX8oGADv&_nc_ht=scontent-nrt1-2.cdninstagram.com&edm=AL-3X8kEAAAA&oh=00_AfBXi5R9ueVqUcAgOsVkz561B56XH3ghA-ANvQa8grxpNg&oe=64885793,96,0,585,646,100,"item
------
Jacket : #lardini 
Shirt : #kamakurashirts 
Tie : #gierremilano 
Watch : #rolex #rolexexplorer1 
------

#mensfashion #mensstyle #menswear #mensfashionpost #styling #fashion #fashionista #ootd #ootdmens
#mensclothing #menslook #fashionstyle #ファッションスナップ #ファッションポスト #メンズスナップ #ビジネスコーデ #オフィスコーデ 
#ドレスコーデ #メンズドレス
#スーツコーデ #ドレスファッション"
107,17972338828826673,2022-09-28T12:21:30+0000,https://www.instagram.com/p/CjDNrS9rquW/,https://scontent-nrt1-2.cdninstagram.com/v/t51.29350-15/309233398_1237956693722805_3601525346257045792_n.jpg?_nc_cat=103&ccb=1-7&_nc_sid=8ae9d6&_nc_ohc=VF9aWy0xLlgAX-LSK-V&_nc_ht=scontent-nrt1-2.cdninstagram.com&edm=AL-3X8kEAAAA&oh=00_AfAe6nisl71IG9irGtlTOk1LaQuy_h38KHjtkryupcL_cA&oe=6489F3D5,91,1,459,491,92,"item
------
glasses : #eyevan #eyevan7285 
------

#mensfashion #mensstyle #menswear #mensfashionpost #styling #fashion #fashionista #ootd #ootdmens
#mensclothing #menslook #fashionstyle #ファッションスナップ #ファッションポスト #メンズスナップ
#メガネ #眼鏡 #sunglasses"
108,17946405110257101,2022-09-24T12:47:21+0000,https://www.instagram.com/p/Ci49dNyr6_M/,https://scontent-nrt1-2.cdninstagram.com/v/t51.29350-15/308586170_119705810864117_1997592298329780562_n.jpg?_nc_cat=101&ccb=1-7&_nc_sid=8ae9d6&_nc_ohc=_fLr8MVrFmQAX8WUULE&_nc_ht=scontent-nrt1-2.cdninstagram.com&edm=AL-3X8kEAAAA&oh=00_AfAeXUKJll1sTK5t1UwfV8i9EqmUfIsJisl6JKqNcPkudw&oe=648A00FE,109,0,412,446,109,"item
------
Jacket : #edifice 
Polo Shirt : #uniqlo 
Watch : #rolex #rolexexplorer1 
------

#mensfashion #mensstyle #menswear #mensfashionpost #styling #fashion #fashionista #ootd #ootdmens
#mensclothing #menslook #fashionstyle #ファッションスナップ #ファッションポスト #メンズスナップ #ビジネスコーデ #オフィスコーデ 
#ドレスコーデ #メンズドレス
#スーツコーデ #ドレスファッション"
109,17945712188067871,2022-06-19T06:24:20+0000,https://www.instagram.com/p/Ce-gg9AryUV/,https://scontent-nrt1-2.cdninstagram.com/v/t51.29350-15/289050187_1616354335404738_767785257476435526_n.jpg?_nc_cat=104&ccb=1-7&_nc_sid=8ae9d6&_nc_ohc=drApMG3ZAvYAX9MIdR4&_nc_ht=scontent-nrt1-2.cdninstagram.com&edm=AL-3X8kEAAAA&oh=00_AfDE7rr2IKv-3US7OVL29o4eJ7ASNN638fX-MN67N9LJiw&oe=6489A280,133,0,400,475,139,"item
------
Suit : #edifice 
Shirt : #kamakurashirts 
Tie : #kuska #kuskafabric 
Watch : #rolex #rolexexplorer1 
------

#mensfashion #mensstyle #menswear #mensfashionpost #styling #fashion #fashionista #ootd #ootdmens
#mensclothing #menslook #fashionstyle #ファッションスナップ #ファッションポスト #メンズスナップ #ビジネスコーデ #オフィスコーデ 
#ドレスコーデ #メンズドレス
#スーツコーデ #ドレスファッション"
110,17943956219071353,2022-06-05T09:04:15+0000,https://www.instagram.com/p/Ceavr-1rDfn/,https://scontent-nrt1-2.cdninstagram.com/v/t51.29350-15/286031239_405604501468090_493444992496288362_n.jpg?_nc_cat=108&ccb=1-7&_nc_sid=8ae9d6&_nc_ohc=k9B7j6wMiuwAX8El2jA&_nc_ht=scontent-nrt1-2.cdninstagram.com&edm=AL-3X8kEAAAA&oh=00_AfB4ozzoY3DXMUXxUM030f6UW0XspvBQ7XuvX5v1SPLeQA&oe=6489CB95,141,0,429,482,143,"item
------
pants : #gramicci 
sandal : #lucca 
------
久しぶり投稿。夏にむけてサンダル新調

#mensfashion #mensstyle #menswear #mensfashionpost #styling #fashion #fashionista #ootd #ootdmens
#mensclothing #menslook #fashionstyle #ファッションスナップ #ファッションポスト #メンズスナップ
#ベーシックコーデ #ベーシックスタイル"
111,18048389107323055,2022-05-08T02:18:05+0000,https://www.instagram.com/p/CdR68o8LWSd/,https://scontent-nrt1-2.cdninstagram.com/v/t51.29350-15/280229888_753284752337093_6675816495582240339_n.jpg?_nc_cat=103&ccb=1-7&_nc_sid=8ae9d6&_nc_ohc=5PSpKp826tMAX_DpXjC&_nc_oc=AQl3ZbYEn5BKqo3A4OIjj2iFzB7-sG7oOIgMp3PtzOAjV538EWvofwe1Rc_Uau5r5i0&_nc_ht=scontent-nrt1-2.cdninstagram.com&edm=AL-3X8kEAAAA&oh=00_AfBX963jCHktWtyr4kEwG-6-A2A9vRkQZeBInXIEFmJqjA&oe=648A0D23,138,0,398,443,139,"item
------
Jacket : #lardini 
Shirt : #kamakurashirts 
Tie : #gierremilano 
Watch : #rolex #rolexexplorer1 
------

#mensfashion #mensstyle #menswear #mensfashionpost #styling #fashion #fashionista #ootd #ootdmens
#mensclothing #menslook #fashionstyle #ファッションスナップ #ファッションポスト #メンズスナップ #ビジネスコーデ #オフィスコーデ 
#ドレスコーデ #メンズドレス
#スーツコーデ #ドレスファッション"
112,17933550968127755,2022-04-20T10:10:03+0000,https://www.instagram.com/p/CckaprGrqxu/,https://scontent-nrt1-2.cdninstagram.com/v/t51.29350-15/278697794_911823806331187_7645105219120359465_n.jpg?_nc_cat=103&ccb=1-7&_nc_sid=8ae9d6&_nc_ohc=7uhQy1kESicAX8Pbfip&_nc_ht=scontent-nrt1-2.cdninstagram.com&edm=AL-3X8kEAAAA&oh=00_AfD7xQxeFm__mWBWXlm1S3FgZhWw53Bx4rGBCygmJ47UIQ&oe=648A2172,117,0,513,573,120,"item
------
Jacket : #barbour #barbourbedale 
Shirt : #brooksbrothers 
Ring : #navajo #navajojewelry 
------

#mensfashion #mensstyle #menswear #mensfashionpost #styling #fashion #fashionista #ootd #ootdmens
#mensclothing #menslook #fashionstyle #ファッションスナップ #ファッションポスト #メンズスナップ
#ベーシックコーデ #ベーシックスタイル"
113,17940488860997917,2022-04-17T08:14:09+0000,https://www.instagram.com/p/CccfAOPLIRg/,https://scontent-nrt1-2.cdninstagram.com/v/t51.29350-15/278706826_507691040851023_8949139493984479522_n.jpg?_nc_cat=109&ccb=1-7&_nc_sid=8ae9d6&_nc_ohc=QDRMZV_JacwAX8q_G1p&_nc_ht=scontent-nrt1-2.cdninstagram.com&edm=AL-3X8kEAAAA&oh=00_AfC6MsufSnntKMaLBLYXUYUvs2zesW4a1H1R_qLlABYaIw&oe=64891511,140,1,816,870,143,"item
------
Jacket : #lardini 
Shirt : #nigelcabourn 
Watch : #rolex #rolexexplorer1 
------

#mensfashion #mensstyle #menswear #mensfashionpost #styling #fashion #fashionista #ootd #ootdmens
#mensclothing #menslook #fashionstyle #ファッションスナップ #ファッションポスト #メンズスナップ #ビジネスコーデ #オフィスコーデ 
#スーツコーデ #ドレスファッション
#メンズドレスファッション"
114,17951366833808768,2022-04-06T09:27:31+0000,https://www.instagram.com/p/CcASp6erXlX/,https://scontent-nrt1-2.cdninstagram.com/v/t51.29350-15/277946566_1059929014869692_2677545414704545515_n.jpg?_nc_cat=107&ccb=1-7&_nc_sid=8ae9d6&_nc_ohc=asSHD-FSG5IAX_EHEE-&_nc_ht=scontent-nrt1-2.cdninstagram.com&edm=AL-3X8kEAAAA&oh=00_AfCqtTwu8wIdUcoJ-4fG0rEFpe8SS-XqjmukmQwfhqj3mw&oe=64895174,223,0,1086,1154,223,"watch
#hamilton #hamiltonwatch #hamiltonkhaki 
#rolex #rolexexplorer1  #ロレックス
#ハミルトン #ハミルトンカーキ
#ロレックスエクスプローラー1 
#エクワン

#mensfashion #mensstyle #menswear #mensfashionpost #styling #fashion #fashionista #ootd #ootdmens
#mensclothing #menslook #fashionstyle #ファッションスナップ #ファッションポスト #メンズスナップ 
#ドレスファッション"
115,17889144002615267,2022-03-22T11:16:14+0000,https://www.instagram.com/p/CbZ3LG8Le0b/,https://scontent-nrt1-2.cdninstagram.com/v/t51.29350-15/276184166_972032223675096_7121887967716418562_n.jpg?_nc_cat=109&ccb=1-7&_nc_sid=8ae9d6&_nc_ohc=frpRm-hj3FYAX97J4cj&_nc_ht=scontent-nrt1-2.cdninstagram.com&edm=AL-3X8kEAAAA&oh=00_AfB_J9nacNVQSn8-3-gBa4fCg6WL_Zqal5wuV1h6_j_xjw&oe=6489FA2F,169,0,737,785,173,"item
------
Suit : #unitedarrows #greenlabelrelaxing 
Shirt : #kamakurashirts 
Tie : #hermes 
Watch : #rolex #rolexexplorer1 
------

#mensfashion #mensstyle #menswear #mensfashionpost #styling #fashion #fashionista #ootd #ootdmens
#mensclothing #menslook #fashionstyle #ファッションスナップ #ファッションポスト #メンズスナップ #ビジネスコーデ #オフィスコーデ 
#スーツコーデ #ドレスファッション #ドレスコーデ #メンズドレスファッション"
116,18287065510017389,2022-03-17T10:45:18+0000,https://www.instagram.com/p/CbM7qFkLWJk/,https://scontent-nrt1-2.cdninstagram.com/v/t51.29350-15/276043415_385476583398925_4534557428209771458_n.jpg?_nc_cat=107&ccb=1-7&_nc_sid=8ae9d6&_nc_ohc=D3k8DTo5y7oAX_rr4Ba&_nc_ht=scontent-nrt1-2.cdninstagram.com&edm=AL-3X8kEAAAA&oh=00_AfCfhKNgyzvuJ5nLkZVsV2N1EaBsosjHwBeyXua_jHbP4w&oe=648A2980,117,0,398,426,118,"jacket : #lardini 
shirts : #kamakurashirts 
tie : #hermes 
watch : #rolex

#mensfashion #mensstyle #menswear #mensfashionpost #styling #fashion #fashionista #ootd #ootdmens
#mensclothing #menslook #fashionstyle #ファッションスナップ #ファッションポスト #メンズスナップ #ビジネスコーデ #オフィスコーデ 
#スーツコーデ #ドレスファッション"
117,17924266748316873,2022-03-14T12:11:42+0000,https://www.instagram.com/p/CbFXKSYLFWG/,https://scontent-nrt1-2.cdninstagram.com/v/t51.29350-15/275814142_989594325001931_4135109416117542733_n.jpg?_nc_cat=102&ccb=1-7&_nc_sid=8ae9d6&_nc_ohc=NWWUuKo79n4AX_fCl3c&_nc_ht=scontent-nrt1-2.cdninstagram.com&edm=AL-3X8kEAAAA&oh=00_AfCE-PA0-TwQRR8QCB3slpx0xCZucRNC94jyycLzHeFYwA&oe=648982EB,97,0,526,557,99,"coat : #aspesi 
shirts : #nigelcabourn 
long sleeve T : #orcival 
watch : #rolex #rolexexplorer1 

#mensfashion #mensstyle #menswear #mensfashionpost #styling 
#fashionista #ootd #ootdmens
#mensclothing #menslook #fashionstyle #ファッションスナップ #ファッションポスト #メンズスナップ
#ベーシックコーデ #ベーシックスタイル"
118,17927081345136691,2022-02-27T03:39:16+0000,https://www.instagram.com/p/Cad0mBarnmR/,https://scontent-nrt1-2.cdninstagram.com/v/t51.29350-15/274952772_667666404273726_8190833952665546345_n.jpg?_nc_cat=107&ccb=1-7&_nc_sid=8ae9d6&_nc_ohc=Q0tly6EsXjQAX8MGBSL&_nc_ht=scontent-nrt1-2.cdninstagram.com&edm=AL-3X8kEAAAA&oh=00_AfDD-fBp3GWM9v-ip9yNGranKY5Ip_QB_IgfF87ARzqsLQ&oe=64885B46,122,0,511,550,124,"jacket : #lardini 
shirts : #kamakurashirts 
tie : #breuer 
watch : #rolex #rolexexplorer1 

#mensfashion #mensstyle #menswear #mensfashionpost #styling #fashion #fashionista #ootd #ootdmens
#mensclothing #menslook #fashionstyle #ファッションスナップ #ファッションポスト #メンズスナップ #ビジネスコーデ #オフィスコーデ 
#スーツコーデ #ドレスファッション"
119,17953825033650058,2022-02-20T05:21:06+0000,https://www.instagram.com/p/CaL-rwRLYQl/,https://scontent-nrt1-2.cdninstagram.com/v/t51.29350-15/274315694_335623405154444_1114203462333978293_n.jpg?_nc_cat=108&ccb=1-7&_nc_sid=8ae9d6&_nc_ohc=qIwg4jnVdxkAX9Ypc9S&_nc_ht=scontent-nrt1-2.cdninstagram.com&edm=AL-3X8kEAAAA&oh=00_AfAKDkvvFa7XGUWkaKIt95lPWVdekjDjqNXE0GXcOhANkQ&oe=64898FCD,107,0,383,410,107,"jacket : #lardini 
shirts : #nigelcabourn 
watch : #rolex #rolexexplorer1 

#mensfashion #mensstyle #menswear #mensfashionpost #styling #fashion #fashionista #ootd #ootdmens
#mensclothing #menslook #fashionstyle #ファッションスナップ #ファッションポスト #メンズスナップ #ビジネスコーデ #オフィスコーデ 
#スーツコーデ #ドレスコーデ"
120,18016190257371974,2022-02-18T11:46:21+0000,https://www.instagram.com/p/CaHhLryJJlA/,https://scontent-nrt1-2.cdninstagram.com/v/t51.29350-15/274140396_344056417596008_1091439820581122262_n.jpg?_nc_cat=110&ccb=1-7&_nc_sid=8ae9d6&_nc_ohc=Pal_vwCc_7EAX9Q9NC-&_nc_ht=scontent-nrt1-2.cdninstagram.com&edm=AL-3X8kEAAAA&oh=00_AfDV0UTJ20k1jC0MQXagrh-SR1t6zS8OjpzVvCEhthB4hQ&oe=64889A55,112,0,540,585,112,"jacket : #baracuta 
shirts : #brooksbrothers 
watch : #hamilton #hamiltonkhaki 

#mensfashion #mensstyle #menswear #mensfashionpost #styling #fashion #fashionista #ootd #ootdmens
#mensclothing #menslook #fashionstyle #ファッションスナップ #ファッションポスト #メンズスナップ
#ベーシックコーデ #ベーシックスタイル"
121,17888162978596710,2022-02-06T10:06:58+0000,https://www.instagram.com/p/CZocRPUp0JI/,https://scontent-nrt1-2.cdninstagram.com/v/t51.29350-15/260758430_4924121234301219_6923244115188550871_n.jpg?_nc_cat=110&ccb=1-7&_nc_sid=8ae9d6&_nc_ohc=_ujO6jzW63YAX_tkNxY&_nc_ht=scontent-nrt1-2.cdninstagram.com&edm=AL-3X8kEAAAA&oh=00_AfAXuzwKu3B-r6iXeLSUsbYvbiUvJ-ev_aD7vYp-GHp92w&oe=648948A1,180,3,825,943,183,"coat : #barbour #barbourbedale
jacket : #nhoolywood 
knit : #johnsmedley 
watch : #rolex #rolexexplorer1 

#mensfashion #mensstyle #menswear #mensfashionpost #styling #fashion #fashionista 
#mensclothing #menslook #fashionstyle #ファッションスナップ #ファッションポスト #メンズスナップ
#ベーシックコーデ #ベーシックスタイル"
122,17917599986116039,2022-02-02T09:05:05+0000,https://www.instagram.com/p/CZeCAgSLN7x/,https://scontent-nrt1-2.cdninstagram.com/v/t51.29350-15/273119188_1248576745549648_744608187163818424_n.jpg?_nc_cat=108&ccb=1-7&_nc_sid=8ae9d6&_nc_ohc=ZsSxce6IWq4AX-KIMWI&_nc_ht=scontent-nrt1-2.cdninstagram.com&edm=AL-3X8kEAAAA&oh=00_AfDzIzO9RNN4q_Kl_eUcK3B1W5ce4UYg20Rtsgcso8A9uw&oe=6489ED56,252,0,1056,1141,252,"down jacket : #woolrich #woolricharcticparka 
jacket : #edifice 
knit : #islandknitworks 
watch : #rolex #rolexexplorer1 

#カジュアルコーデ #ベーシックコーデ
#メンズコーデ #メンズカジュアル
#メンズファッション
#ファッションポスト
#ファッションスナップ
#ビジネスカジュアル #ビジネスコーデ
#オフィスコーデ 
#mensfashion #mensstyle #menswear #mensfashionpost #styling #fashion #fashionista 
#mensclothing #menslook #fashionstyle"
123,18276079009016371,2022-01-14T10:32:24+0000,https://www.instagram.com/p/CYtQ5bGpL-C/,https://scontent-nrt1-2.cdninstagram.com/v/t51.29350-15/271856756_4780085975418952_1943920296918486105_n.jpg?_nc_cat=106&ccb=1-7&_nc_sid=8ae9d6&_nc_ohc=D4EWuciXzqoAX_yI9c9&_nc_ht=scontent-nrt1-2.cdninstagram.com&edm=AL-3X8kEAAAA&oh=00_AfBfSiYhshovnMo1OjGiQqZvFFJmZ76frDBR16Ft-ygYfg&oe=648A30A8,219,0,682,761,222,"coat : #aspesi 
jacket : #lardini 
knit : #islandknitworks 

#カジュアルコーデ #ベーシックコーデ
#メンズコーデ #メンズカジュアル
#ビジネスコーデ #ビジネスカジュアル 
#オフィスカジュアル 
#オフィスコーデ 
#メンズファッション
#ファッションポスト
#ファッションスナップ
#mensfashion #mensstyle #menswear #mensfashionpost #styling #fashion #fashionista 
#mensclothing #menslook #fashionstyle"
124,17906032391509098,2022-01-13T13:16:58+0000,https://www.instagram.com/p/CYq-71wpmv4/,https://scontent-nrt1-2.cdninstagram.com/v/t51.29350-15/271897465_892283938127672_2802445324446765237_n.jpg?_nc_cat=110&ccb=1-7&_nc_sid=8ae9d6&_nc_ohc=Pi8BGmxsAW4AX-9i_b-&_nc_ht=scontent-nrt1-2.cdninstagram.com&edm=AL-3X8kEAAAA&oh=00_AfBlfGhgJNiBjH7PZ6VU9juJyHCnnkVNZ464ysuCfMUSvg&oe=648917BC,128,0,479,524,128,"リモートワークが続きます。部屋は仕事環境としても居住環境としても良いものに整えたいですね。

#nitori #sofa
#ソファ #部屋作り #ニトリ"
125,18014576203356847,2021-12-07T12:01:02+0000,https://www.instagram.com/p/CXLk1XmpNUx/,https://scontent-nrt1-2.cdninstagram.com/v/t51.29350-15/264810967_2077519492414698_2930047912096354012_n.jpg?_nc_cat=111&ccb=1-7&_nc_sid=8ae9d6&_nc_ohc=VIHpWSjlMHAAX8HCmbX&_nc_ht=scontent-nrt1-2.cdninstagram.com&edm=AL-3X8kEAAAA&oh=00_AfDjkL_PccHluTXYfpgvRdb2F_GTnPIAKJrd2z8YV-lxBw&oe=648953C5,63,0,469,503,64,"coat : #barbour #barbourbedale 
jacket : #edifice 
knit : #islandknitworks 
watch : #rolex #rolexexplorer1 

#カジュアルコーデ
#メンズコーデ #メンズカジュアル
#メンズファッション 
#ベーシックコーデ #ファッション
#ビジネススタイル #フォーマルスタイル
#ビジネスカジュアル
#ジャケットスタイル#ファッションスナップ 
#mensfashion #mensstyle #menswear #mensfashionpost #styling #fashion #fashionista 
#mensclothing #menslook #fashionstyle"
126,18206637583136542,2021-12-05T13:17:15+0000,https://www.instagram.com/p/CXGj9v4pFjs/,https://scontent-nrt1-2.cdninstagram.com/v/t51.29350-15/264429222_941682163221016_8779680783763973045_n.jpg?_nc_cat=109&ccb=1-7&_nc_sid=8ae9d6&_nc_ohc=V09zwxSo5ZwAX8pL7QP&_nc_ht=scontent-nrt1-2.cdninstagram.com&edm=AL-3X8kEAAAA&oh=00_AfDzWMTj_LAom5KmQzT4zPciDERX2--ARYJ3tv5IY960_A&oe=6489B54C,44,0,294,316,44,"#poloralphlauren 
#damico  #andreadamico 

#belt 

#カジュアルコーデ
#メンズコーデ #メンズカジュアル
#メンズファッション 
#ベーシックコーデ #ファッション
#ポロラルフローレン #ラルフローレン #アンドレアダミコ 
#ベルト
#レザーベルト 
#mensfashion #mensstyle #menswear #mensfashionpost #styling #fashion #fashionista 
#mensclothing #menslook #fashionstyle"
127,18272253838038998,2021-12-01T11:55:03+0000,https://www.instagram.com/p/CW8HYTwpjgV/,https://scontent-nrt1-2.cdninstagram.com/v/t51.29350-15/262639179_628171691547922_7013798525155426927_n.jpg?_nc_cat=103&ccb=1-7&_nc_sid=8ae9d6&_nc_ohc=od-m7IbQnUEAX_aVSzA&_nc_ht=scontent-nrt1-2.cdninstagram.com&edm=AL-3X8kEAAAA&oh=00_AfBWw01Iafj3l7k-BlRjFLq_O6W8fwByqrdgblCcfSHeTQ&oe=648A3AF0,72,0,337,370,75,"jacket : #lardini 
shirt : #kamakurashirts 
tie : #breuer 
watch : #rolex #rolexexplorer1 

#カジュアルコーデ
#メンズコーデ #メンズカジュアル
#メンズファッション 
#ベーシックコーデ #ファッション
#ビジネスカジュアル #ビジネスシーン
#スーツスタイル #ジャケットコーデ #ジャケットスタイル #スーツコーデ　
#mensfashion #mensstyle #menswear #mensfashionpost #styling #fashion #fashionista 
#mensclothing #menslook #fashionstyle"
128,17924910829857040,2021-10-05T11:53:16+0000,https://www.instagram.com/p/CUpV3WHJp55/,https://scontent-nrt1-2.cdninstagram.com/v/t51.29350-15/244378967_991534951629920_6580609769463094596_n.jpg?_nc_cat=100&ccb=1-7&_nc_sid=8ae9d6&_nc_ohc=RZBygSpM6ZkAX81KgsS&_nc_ht=scontent-nrt1-2.cdninstagram.com&edm=AL-3X8kEAAAA&oh=00_AfBJSz_73UjbofXK2G8ye4Y0ydGBmGr1yvDs2t36zmZCmQ&oe=6489DF73,44,1,903,1008,46,"#zanellato 
#zanellatopostina 
#postina 
#postinazanellato 

普段使いにも仕事にも使っているザネラートの鞄

#メンズコーデ #メンズカジュアル
#メンズファッション 
#ベーシックコーデ #ファッション
#オフィスカジュアル
#ビジネスカジュアル
#メンズバッグ 
#ザネラート #ザネラートポスティーナ 
#mensfashion #mensstyle #menswear #mensfashionpost #styling #fashion #mensbag 
#bag #businesscasual 
#businessbag"
